--
-- PostgreSQL database dump
--

\restrict VXmDX8hdjgft2mjqmkKsNmKb96Oc32pKj3YXyAsNopIc8LKO9vfp3aFjdNef4bv

-- Dumped from database version 18.3 (Debian 18.3-1.pgdg13+1)
-- Dumped by pg_dump version 18.3 (Debian 18.3-1.pgdg13+1)

SET statement_timeout = 0;
SET lock_timeout = 0;
SET idle_in_transaction_session_timeout = 0;
SET transaction_timeout = 0;
SET client_encoding = 'UTF8';
SET standard_conforming_strings = on;
SELECT pg_catalog.set_config('search_path', '', false);
SET check_function_bodies = false;
SET xmloption = content;
SET client_min_messages = warning;
SET row_security = off;

SET default_tablespace = '';

SET default_table_access_method = heap;

--
-- Name: auto_increment; Type: TABLE; Schema: public; Owner: postgres
--

CREATE TABLE public.auto_increment (
);


ALTER TABLE public.auto_increment OWNER TO postgres;

--
-- Name: chat_messages; Type: TABLE; Schema: public; Owner: postgres
--

CREATE TABLE public.chat_messages (
    id bigint NOT NULL,
    created_at timestamp(6) without time zone,
    updated_at timestamp(6) without time zone,
    manual_image_url character varying(1000),
    media_url character varying(1000),
    message text NOT NULL,
    referenced_page integer,
    sender_type character varying(20) NOT NULL,
    chat_room_id bigint NOT NULL,
    CONSTRAINT chat_messages_sender_type_check CHECK (((sender_type)::text = ANY ((ARRAY['USER'::character varying, 'AI'::character varying])::text[])))
);


ALTER TABLE public.chat_messages OWNER TO postgres;

--
-- Name: chat_messages_id_seq; Type: SEQUENCE; Schema: public; Owner: postgres
--

ALTER TABLE public.chat_messages ALTER COLUMN id ADD GENERATED BY DEFAULT AS IDENTITY (
    SEQUENCE NAME public.chat_messages_id_seq
    START WITH 1
    INCREMENT BY 1
    NO MINVALUE
    NO MAXVALUE
    CACHE 1
);


--
-- Name: chat_rooms; Type: TABLE; Schema: public; Owner: postgres
--

CREATE TABLE public.chat_rooms (
    id bigint NOT NULL,
    created_at timestamp(6) without time zone,
    updated_at timestamp(6) without time zone,
    title character varying(200) NOT NULL,
    user_device_id bigint NOT NULL,
    question_category character varying(30),
    CONSTRAINT chat_rooms_question_category_check CHECK (((question_category)::text = ANY ((ARRAY['MODEL_REGISTER'::character varying, 'CLEANING'::character varying, 'FILTER'::character varying, 'MALFUNCTION'::character varying, 'REPAIR'::character varying, 'USAGE'::character varying, 'REMOTE'::character varying, 'INSTALL'::character varying, 'WINTER_CARE'::character varying, 'ICE_MAKER'::character varying, 'FREEZER_USAGE'::character varying, 'TEMPERATURE'::character varying, 'ETC'::character varying])::text[])))
);


ALTER TABLE public.chat_rooms OWNER TO postgres;

--
-- Name: chat_rooms_id_seq; Type: SEQUENCE; Schema: public; Owner: postgres
--

ALTER TABLE public.chat_rooms ALTER COLUMN id ADD GENERATED BY DEFAULT AS IDENTITY (
    SEQUENCE NAME public.chat_rooms_id_seq
    START WITH 1
    INCREMENT BY 1
    NO MINVALUE
    NO MAXVALUE
    CACHE 1
);


--
-- Name: manuals; Type: TABLE; Schema: public; Owner: postgres
--

CREATE TABLE public.manuals (
    id bigint NOT NULL,
    created_at timestamp(6) without time zone,
    updated_at timestamp(6) without time zone,
    covered_model_names text,
    manual_code character varying(255) NOT NULL,
    product_type character varying(50) NOT NULL,
    qr_code_url character varying(1000),
    representative_model_name character varying(100)
);


ALTER TABLE public.manuals OWNER TO postgres;

--
-- Name: manuals_id_seq; Type: SEQUENCE; Schema: public; Owner: postgres
--

ALTER TABLE public.manuals ALTER COLUMN id ADD GENERATED BY DEFAULT AS IDENTITY (
    SEQUENCE NAME public.manuals_id_seq
    START WITH 1
    INCREMENT BY 1
    NO MINVALUE
    NO MAXVALUE
    CACHE 1
);


--
-- Name: models; Type: TABLE; Schema: public; Owner: postgres
--

CREATE TABLE public.models (
    id bigint NOT NULL,
    name character varying(100) NOT NULL,
    qr_code_url character varying(1000),
    manual_id bigint NOT NULL,
    product_type character varying(50)
);


ALTER TABLE public.models OWNER TO postgres;

--
-- Name: models_id_seq; Type: SEQUENCE; Schema: public; Owner: postgres
--

ALTER TABLE public.models ALTER COLUMN id ADD GENERATED BY DEFAULT AS IDENTITY (
    SEQUENCE NAME public.models_id_seq
    START WITH 1
    INCREMENT BY 1
    NO MINVALUE
    NO MAXVALUE
    CACHE 1
);


--
-- Name: user_devices; Type: TABLE; Schema: public; Owner: postgres
--

CREATE TABLE public.user_devices (
    id bigint NOT NULL,
    created_at timestamp(6) without time zone,
    updated_at timestamp(6) without time zone,
    alias character varying(100) NOT NULL,
    manual_id bigint NOT NULL,
    user_id bigint NOT NULL,
    status character varying(255) DEFAULT 'ACTIVE'::character varying NOT NULL,
    CONSTRAINT user_devices_status_check CHECK (((status)::text = ANY ((ARRAY['ACTIVE'::character varying, 'DELETED'::character varying])::text[])))
);


ALTER TABLE public.user_devices OWNER TO postgres;

--
-- Name: user_devices_id_seq; Type: SEQUENCE; Schema: public; Owner: postgres
--

ALTER TABLE public.user_devices ALTER COLUMN id ADD GENERATED BY DEFAULT AS IDENTITY (
    SEQUENCE NAME public.user_devices_id_seq
    START WITH 1
    INCREMENT BY 1
    NO MINVALUE
    NO MAXVALUE
    CACHE 1
);


--
-- Name: users; Type: TABLE; Schema: public; Owner: postgres
--

CREATE TABLE public.users (
    id bigint NOT NULL,
    created_at timestamp(6) without time zone,
    updated_at timestamp(6) without time zone,
    email character varying(100) NOT NULL,
    nickname character varying(50) NOT NULL,
    password character varying(255) NOT NULL,
    role character varying(255) NOT NULL,
    status character varying(255) NOT NULL,
    theme character varying(50) DEFAULT 'light'::character varying NOT NULL,
    CONSTRAINT users_role_check CHECK (((role)::text = ANY ((ARRAY['USER'::character varying, 'ADMIN'::character varying])::text[]))),
    CONSTRAINT users_status_check CHECK (((status)::text = ANY ((ARRAY['ACTIVE'::character varying, 'DELETED'::character varying])::text[])))
);


ALTER TABLE public.users OWNER TO postgres;

--
-- Name: users_id_seq; Type: SEQUENCE; Schema: public; Owner: postgres
--

ALTER TABLE public.users ALTER COLUMN id ADD GENERATED BY DEFAULT AS IDENTITY (
    SEQUENCE NAME public.users_id_seq
    START WITH 1
    INCREMENT BY 1
    NO MINVALUE
    NO MAXVALUE
    CACHE 1
);


--
-- Data for Name: auto_increment; Type: TABLE DATA; Schema: public; Owner: postgres
--

COPY public.auto_increment  FROM stdin;
\.


--
-- Data for Name: chat_messages; Type: TABLE DATA; Schema: public; Owner: postgres
--

COPY public.chat_messages (id, created_at, updated_at, manual_image_url, media_url, message, referenced_page, sender_type, chat_room_id) FROM stdin;
1484	2026-04-16 09:03:34.31192	2026-04-16 09:03:34.31192	\N	\N	모델 등록 방법이 궁금해요	\N	USER	1381
1485	2026-04-16 09:04:14.73551	2026-04-16 09:04:14.73551	/manual_images/WM_KOR_MFL71792815_11_251204_00_OM_WEB/page_17.png,/manual_images/WM_KOR_MFL71792815_11_251204_00_OM_WEB/page_18.png,/manual_images/WM_KOR_MFL71792815_11_251204_00_OM_WEB/page_35.png,/manual_images/WM_KOR_MFL71792815_11_251204_00_OM_WEB/page_36.png	\N	제공해주신 텍스트는 **세탁기 사용 설명서의 일부**로 보이며, **'모델 등록'**과 관련된 직접적인 내용은 포함하고 있지 않습니다.\n\n이 설명서는 주로 다음과 같은 **사용 방법 및 기능 안내**에 초점을 맞추고 있습니다:\n\n1. **작동 순서 안내:** (예: 전원 켜기, 코스 선택, 시작 버튼 누르기)\n2. **특정 기능 설명:** (예: 건조 기능, 헹굼 추가 등)\n3. **연동 및 사용법:** (예: 건조기 연결, 스마트 기능 사용법)\n\n---\n\n### 💡 '모델 등록'을 하려면 다음을 확인해 주세요.\n\n만약 **'모델 등록'**을 하셔야 하는 상황이라면, 다음 중 어떤 종류의 등록인지 알려주시면 더 정확한 안내가 가능합니다.\n\n1. **제품 초기 설정/등록:** (새 제품을 처음 사용하며 기기 자체를 등록하는 경우)\n    * **확인 사항:** 제품 설명서의 **'설치 및 초기 설정'** 또는 **'스마트 기능 연결'** 부분을 확인해 보세요.\n2. **앱/스마트폰 연동 등록:** (와이파이 연결이나 전용 앱을 통해 기기를 등록하는 경우)\n    * **확인 사항:** 설명서에 **'스마트폰 연동'** 또는 **'Wi-Fi 연결'** 관련 섹션이 있는지 찾아보세요.\n3. **A/S 서비스 등록:** (고장이나 점검을 위해 서비스 센터에 제품 정보를 등록하는 경우)\n    * **확인 사항:** 이 경우, 설명서가 아닌 **제조사 고객센터 전화**나 **공식 웹사이트**를 이용하셔야 합니다.\n\n**👉 만약 설명서의 특정 페이지나 섹션 번호를 알려주시거나, 어떤 상황에서 '모델 등록'이 필요하신지 구체적으로 말씀해주시면, 해당 내용이 포함되어 있는지 다시 확인해 드리겠습니다.**	17	AI	1381
1486	2026-04-16 09:13:20.53608	2026-04-16 09:13:20.53608	\N	\N	냉장고에서 풀벌레 소리가 나	\N	USER	1982
1487	2026-04-16 09:13:41.497563	2026-04-16 09:13:41.497563	/manual_images/REF_KOR_MFL71401523_00_250731_00_OM_WEB/page_26.png,/manual_images/REF_KOR_MFL71401523_00_250731_00_OM_WEB/page_27.png,/manual_images/REF_KOR_MFL71401523_00_250731_00_OM_WEB/page_28.png,/manual_images/REF_KOR_MFL71401523_00_250731_00_OM_WEB/page_29.png	\N	제공해주신 텍스트는 냉장고 관리 및 문제 해결에 대한 가이드라인을 담고 있습니다.\n\n**"냉장고에서 벌레 소리가 난다"**는 증상은 이 가이드라인의 내용(전기적 문제, 온도 문제, 습기 문제 등)과는 직접적으로 연결되지 않는 **'소음'**에 관한 문제입니다.\n\n하지만 소음의 원인을 파악하는 것이 중요하므로, 이 가이드라인의 내용을 바탕으로 **'소음'**의 원인을 추론하고 해결책을 제시해 드릴 수 있습니다.\n\n---\n\n### 🦗 냉장고에서 벌레 소리가 나는 경우의 추론 및 대처법\n\n냉장고에서 '벌레 소리'처럼 들리는 소음은 실제 벌레가 들어간 경우일 수도 있지만, 대부분은 **냉장고 내부의 기계적 소음**이 사람의 귀에 다르게 들리는 경우일 수 있습니다.\n\n**🚨 1. 가장 먼저 확인해야 할 것 (안전 점검)**\n\n*   **전원 차단:** 소음이 갑자기 커지거나 이상한 냄새가 난다면, 안전을 위해 **즉시 전원 코드를 뽑고** 점검을 시작하세요.\n*   **육안 검사:** 전원을 끈 상태에서 내부를 비추어 **실제 벌레나 곰팡이**가 있는지 확인합니다.\n\n**💡 2. 소음의 원인 추정 및 가이드라인 적용**\n\n만약 소리가 지속적으로 난다면, 아래의 원인 중 하나일 가능성이 높습니다.\n\n| 소음의 종류 (추정) | 원인 추정 (가이드라인 연관) | 해결 방법 |\n| :--- | :--- | :--- |\n| **'윙~' 하는 지속적인 소리** | **냉각기(컴프레서) 작동 소음:** 냉각기가 작동하며 발생하는 정상적인 소음일 수 있습니다. (가이드라인의 '냉각기 작동'과 관련) | 소음이 갑자기 커지거나 비정상적이라면, 냉각기 주변에 이물질이 끼었는지 확인하고 청소해 주세요. |\n| **'뚝', '딱' 하는 간헐적 소리** | **온도 변화에 따른 수축/팽창 소음:** 내부의 온도 변화로 인해 플라스틱이나 금속 부품이 수축하거나 팽창하면서 나는 소리입니다. (가이드라인의 '온도 변화'와 관련) | 이는 **정상적인 현상**일 가능성이 높으므로 크게 걱정하지 않으셔도 됩니다. |\n| **'찌직', '지글' 거리는 소리** | **습기 또는 전기적 문제:** 내부 습기가 응결되거나, 전기 배선에 문제가 생겼을 때 날 수 있습니다. (가이드라인의 '습기' 및 '전기'와 관련) | **습기 제거:** 내부 물기를 닦아주고, **전기 배선**이 꺾이거나 눌린 곳은 없는지 확인합니다. |\n| **'바스락', '긁는' 소리** | **이물질 또는 벌레:** 실제로 벌레가 들어갔거나, 포장재, 비닐 등이 냉각기나 팬에 걸려 돌아가는 소리일 수 있습니다. | **전원 차단 후** 내부를 깨끗하게 청소하고, 걸리는 이물질이 없는지 꼼꼼히 확인합니다. |\n\n---\n\n### 🧼 종합적인 청소 및 관리 팁 (가이드라인 기반)\n\n소음의 원인이 명확하지 않다면, 가장 좋은 방법은 **전체적인 청소와 점검**입니다.\n\n1.  **전원 차단 및 비우기:** 전원을 끄고 모든 내용물을 꺼냅니다.\n2.  **내부 청소:** 물티슈나 중성세제를 푼 물로 내부 벽면, 선반, 서랍을 닦아 **습기**와 곰팡이를 제거합니다.\n3.  **배수구 점검:** 냉장고 뒷면이나 하단에 **물 빠지는 배수구**가 막히지 않았는지 확인하고 청소합니다. (습기 관리의 핵심)\n4.  **뒷면 및 주변 점검:** 냉장고 뒷면의 **응축기(콘덴서)** 부분에 먼지가 많이 쌓여 있으면 열 방출이 안 되어 과부하가 걸리고 소음이 커질 수 있습니다. 진공청소기나 부드러운 솔로 먼지를 제거해 주세요.\n\n**⚠️ 만약 위 모든 조치를 취했음에도 불구하고 소음이 계속되거나, 전기 냄새, 타는 냄새가 난다면, 이는 기계적 고장일 가능성이 매우 높으므로 반드시 제조사 서비스 센터에 점검을 요청해야 합니다.**	26	AI	1982
\.


--
-- Data for Name: chat_rooms; Type: TABLE DATA; Schema: public; Owner: postgres
--

COPY public.chat_rooms (id, created_at, updated_at, title, user_device_id, question_category) FROM stdin;
1982	2026-04-16 09:13:20.31835	2026-04-16 09:13:41.502932	냉장고에서 풀벌레 소리가 나	329	MALFUNCTION
8	2026-04-10 16:58:44.966333	2026-04-10 16:58:44.966333	새로운 대화	5	\N
9	2026-04-10 16:59:43.418039	2026-04-10 16:59:43.418039	새로운 대화	6	\N
10	2026-04-10 17:00:53.666119	2026-04-10 17:00:53.666119	새로운 대화	5	\N
11	2026-04-10 17:02:34.832922	2026-04-10 17:02:34.832922	새로운 대화	5	\N
12	2026-04-10 17:03:43.295695	2026-04-10 17:03:43.295695	새로운 대화	7	\N
13	2026-04-10 17:05:24.217489	2026-04-10 17:05:24.217489	새로운 대화	6	\N
14	2026-04-11 12:11:32.225678	2026-04-11 12:11:32.225678	새로운 대화	5	\N
15	2026-04-11 12:17:37.176553	2026-04-11 12:17:37.176553	새로운 대화	5	\N
16	2026-04-11 12:46:40.480683	2026-04-11 12:46:40.480683	새로운 대화	9	\N
17	2026-04-11 12:59:23.978404	2026-04-11 12:59:23.978404	새로운 대화	9	\N
1381	2026-04-16 09:03:33.96432	2026-04-16 09:04:14.737555	모델 등록 방법이 궁금해요	328	\N
1382	2026-04-16 09:11:01.939566	2026-04-16 09:11:01.939566	아이스 메이커 사용법이 궁금해요	50	ICE_MAKER
1383	2026-04-16 09:11:01.958923	2026-04-16 09:11:01.958923	온도 설정·조절이 궁금해요	50	TEMPERATURE
1384	2026-04-16 09:11:01.960488	2026-04-16 09:11:01.960488	청소하는 방법을 알려주세요	51	CLEANING
1385	2026-04-16 09:11:01.961004	2026-04-16 09:11:01.961004	사용법을 알고 싶어요	51	USAGE
1386	2026-04-16 09:11:01.962026	2026-04-16 09:11:01.962026	필터 관련 가이드가 필요해요	52	FILTER
1387	2026-04-16 09:11:01.963054	2026-04-16 09:11:01.963054	리모컨 사용법을 알려주세요	52	REMOTE
1388	2026-04-16 09:11:01.964092	2026-04-16 09:11:01.964092	아이스 메이커 사용법이 궁금해요	53	ICE_MAKER
1389	2026-04-16 09:11:01.965127	2026-04-16 09:11:01.965127	온도 설정·조절이 궁금해요	53	TEMPERATURE
1390	2026-04-16 09:11:01.966147	2026-04-16 09:11:01.966147	청소하는 방법을 알려주세요	54	CLEANING
1391	2026-04-16 09:11:01.967186	2026-04-16 09:11:01.967186	사용법을 알고 싶어요	54	USAGE
1392	2026-04-16 09:11:01.968222	2026-04-16 09:11:01.968222	필터 관련 가이드가 필요해요	55	FILTER
1393	2026-04-16 09:11:01.969254	2026-04-16 09:11:01.969254	리모컨 사용법을 알려주세요	55	REMOTE
1394	2026-04-16 09:11:01.970285	2026-04-16 09:11:01.970285	아이스 메이커 사용법이 궁금해요	56	ICE_MAKER
1395	2026-04-16 09:11:01.971315	2026-04-16 09:11:01.971315	온도 설정·조절이 궁금해요	56	TEMPERATURE
1396	2026-04-16 09:11:01.972173	2026-04-16 09:11:01.972173	청소하는 방법을 알려주세요	57	CLEANING
1397	2026-04-16 09:11:01.973232	2026-04-16 09:11:01.973232	사용법을 알고 싶어요	57	USAGE
1398	2026-04-16 09:11:01.974264	2026-04-16 09:11:01.974264	필터 관련 가이드가 필요해요	58	FILTER
1399	2026-04-16 09:11:01.975289	2026-04-16 09:11:01.975289	리모컨 사용법을 알려주세요	58	REMOTE
1400	2026-04-16 09:11:01.976317	2026-04-16 09:11:01.976317	아이스 메이커 사용법이 궁금해요	59	ICE_MAKER
1401	2026-04-16 09:11:01.977882	2026-04-16 09:11:01.977882	온도 설정·조절이 궁금해요	59	TEMPERATURE
1402	2026-04-16 09:11:01.97839	2026-04-16 09:11:01.97839	필터 관련 가이드가 필요해요	28	FILTER
1403	2026-04-16 09:11:01.979417	2026-04-16 09:11:01.979417	리모컨 사용법을 알려주세요	28	REMOTE
1404	2026-04-16 09:11:01.980444	2026-04-16 09:11:01.980444	아이스 메이커 사용법이 궁금해요	29	ICE_MAKER
1405	2026-04-16 09:11:01.981473	2026-04-16 09:11:01.981473	온도 설정·조절이 궁금해요	29	TEMPERATURE
1406	2026-04-16 09:11:01.982508	2026-04-16 09:11:01.982508	청소하는 방법을 알려주세요	30	CLEANING
1407	2026-04-16 09:11:01.983541	2026-04-16 09:11:01.983541	사용법을 알고 싶어요	30	USAGE
1408	2026-04-16 09:11:01.984055	2026-04-16 09:11:01.984055	필터 관련 가이드가 필요해요	31	FILTER
1409	2026-04-16 09:11:01.985107	2026-04-16 09:11:01.985107	리모컨 사용법을 알려주세요	31	REMOTE
1410	2026-04-16 09:11:01.986133	2026-04-16 09:11:01.986133	아이스 메이커 사용법이 궁금해요	32	ICE_MAKER
1411	2026-04-16 09:11:01.987389	2026-04-16 09:11:01.987389	온도 설정·조절이 궁금해요	32	TEMPERATURE
1412	2026-04-16 09:11:01.990053	2026-04-16 09:11:01.990053	청소하는 방법을 알려주세요	33	CLEANING
1413	2026-04-16 09:11:01.991723	2026-04-16 09:11:01.991723	사용법을 알고 싶어요	33	USAGE
1414	2026-04-16 09:11:01.993351	2026-04-16 09:11:01.993351	필터 관련 가이드가 필요해요	34	FILTER
1415	2026-04-16 09:11:01.996019	2026-04-16 09:11:01.996019	리모컨 사용법을 알려주세요	34	REMOTE
1416	2026-04-16 09:11:01.997389	2026-04-16 09:11:01.997389	아이스 메이커 사용법이 궁금해요	35	ICE_MAKER
1417	2026-04-16 09:11:01.997904	2026-04-16 09:11:01.997904	온도 설정·조절이 궁금해요	35	TEMPERATURE
1418	2026-04-16 09:11:01.998923	2026-04-16 09:11:01.998923	청소하는 방법을 알려주세요	36	CLEANING
1419	2026-04-16 09:11:01.999953	2026-04-16 09:11:01.999953	사용법을 알고 싶어요	36	USAGE
1420	2026-04-16 09:11:02.000971	2026-04-16 09:11:02.000971	필터 관련 가이드가 필요해요	37	FILTER
1421	2026-04-16 09:11:02.00148	2026-04-16 09:11:02.00148	리모컨 사용법을 알려주세요	37	REMOTE
1422	2026-04-16 09:11:02.002701	2026-04-16 09:11:02.002701	아이스 메이커 사용법이 궁금해요	38	ICE_MAKER
1423	2026-04-16 09:11:02.003223	2026-04-16 09:11:02.003223	온도 설정·조절이 궁금해요	38	TEMPERATURE
1424	2026-04-16 09:11:02.004227	2026-04-16 09:11:02.004227	청소하는 방법을 알려주세요	39	CLEANING
1425	2026-04-16 09:11:02.005895	2026-04-16 09:11:02.005895	사용법을 알고 싶어요	39	USAGE
1426	2026-04-16 09:11:02.006899	2026-04-16 09:11:02.006899	필터 관련 가이드가 필요해요	40	FILTER
1427	2026-04-16 09:11:02.0079	2026-04-16 09:11:02.0079	리모컨 사용법을 알려주세요	40	REMOTE
1428	2026-04-16 09:11:02.009403	2026-04-16 09:11:02.009403	아이스 메이커 사용법이 궁금해요	41	ICE_MAKER
1429	2026-04-16 09:11:02.009918	2026-04-16 09:11:02.009918	온도 설정·조절이 궁금해요	41	TEMPERATURE
1430	2026-04-16 09:11:02.010962	2026-04-16 09:11:02.010962	청소하는 방법을 알려주세요	42	CLEANING
1431	2026-04-16 09:11:02.011986	2026-04-16 09:11:02.011986	사용법을 알고 싶어요	42	USAGE
1432	2026-04-16 09:11:02.01301	2026-04-16 09:11:02.01301	필터 관련 가이드가 필요해요	43	FILTER
1433	2026-04-16 09:11:02.013527	2026-04-16 09:11:02.013527	리모컨 사용법을 알려주세요	43	REMOTE
1434	2026-04-16 09:11:02.015073	2026-04-16 09:11:02.015073	아이스 메이커 사용법이 궁금해요	44	ICE_MAKER
1435	2026-04-16 09:11:02.0161	2026-04-16 09:11:02.0161	온도 설정·조절이 궁금해요	44	TEMPERATURE
1436	2026-04-16 09:11:02.017139	2026-04-16 09:11:02.017139	청소하는 방법을 알려주세요	45	CLEANING
1437	2026-04-16 09:11:02.018361	2026-04-16 09:11:02.018361	사용법을 알고 싶어요	45	USAGE
1438	2026-04-16 09:11:02.019399	2026-04-16 09:11:02.019399	필터 관련 가이드가 필요해요	46	FILTER
1439	2026-04-16 09:11:02.020422	2026-04-16 09:11:02.020422	리모컨 사용법을 알려주세요	46	REMOTE
1440	2026-04-16 09:11:02.021444	2026-04-16 09:11:02.021444	아이스 메이커 사용법이 궁금해요	47	ICE_MAKER
1441	2026-04-16 09:11:02.022283	2026-04-16 09:11:02.022283	온도 설정·조절이 궁금해요	47	TEMPERATURE
1442	2026-04-16 09:11:02.023315	2026-04-16 09:11:02.023315	청소하는 방법을 알려주세요	48	CLEANING
1443	2026-04-16 09:11:02.023831	2026-04-16 09:11:02.023831	사용법을 알고 싶어요	48	USAGE
1444	2026-04-16 09:11:02.024868	2026-04-16 09:11:02.024868	필터 관련 가이드가 필요해요	49	FILTER
1445	2026-04-16 09:11:02.026418	2026-04-16 09:11:02.026418	리모컨 사용법을 알려주세요	49	REMOTE
1446	2026-04-16 09:11:02.027952	2026-04-16 09:11:02.027952	청소하는 방법을 알려주세요	60	CLEANING
1447	2026-04-16 09:11:02.028461	2026-04-16 09:11:02.028461	사용법을 알고 싶어요	60	USAGE
1448	2026-04-16 09:11:02.029501	2026-04-16 09:11:02.029501	필터 관련 가이드가 필요해요	61	FILTER
1449	2026-04-16 09:11:02.030536	2026-04-16 09:11:02.030536	리모컨 사용법을 알려주세요	61	REMOTE
1450	2026-04-16 09:11:02.031053	2026-04-16 09:11:02.031053	아이스 메이커 사용법이 궁금해요	62	ICE_MAKER
1451	2026-04-16 09:11:02.032073	2026-04-16 09:11:02.032073	온도 설정·조절이 궁금해요	62	TEMPERATURE
1452	2026-04-16 09:11:02.033106	2026-04-16 09:11:02.033106	청소하는 방법을 알려주세요	63	CLEANING
1453	2026-04-16 09:11:02.034345	2026-04-16 09:11:02.034345	사용법을 알고 싶어요	63	USAGE
1454	2026-04-16 09:11:02.03486	2026-04-16 09:11:02.03486	필터 관련 가이드가 필요해요	64	FILTER
1455	2026-04-16 09:11:02.035886	2026-04-16 09:11:02.035886	리모컨 사용법을 알려주세요	64	REMOTE
1456	2026-04-16 09:11:02.036951	2026-04-16 09:11:02.036951	아이스 메이커 사용법이 궁금해요	65	ICE_MAKER
1457	2026-04-16 09:11:02.037977	2026-04-16 09:11:02.037977	온도 설정·조절이 궁금해요	65	TEMPERATURE
1458	2026-04-16 09:11:02.039013	2026-04-16 09:11:02.039013	청소하는 방법을 알려주세요	66	CLEANING
1459	2026-04-16 09:11:02.040041	2026-04-16 09:11:02.040041	사용법을 알고 싶어요	66	USAGE
1460	2026-04-16 09:11:02.04055	2026-04-16 09:11:02.04055	필터 관련 가이드가 필요해요	67	FILTER
1461	2026-04-16 09:11:02.04159	2026-04-16 09:11:02.04159	리모컨 사용법을 알려주세요	67	REMOTE
1462	2026-04-16 09:11:02.042611	2026-04-16 09:11:02.042611	아이스 메이커 사용법이 궁금해요	68	ICE_MAKER
1463	2026-04-16 09:11:02.043636	2026-04-16 09:11:02.043636	온도 설정·조절이 궁금해요	68	TEMPERATURE
1464	2026-04-16 09:11:02.044154	2026-04-16 09:11:02.044154	청소하는 방법을 알려주세요	69	CLEANING
1465	2026-04-16 09:11:02.045184	2026-04-16 09:11:02.045184	사용법을 알고 싶어요	69	USAGE
1466	2026-04-16 09:11:02.046337	2026-04-16 09:11:02.046337	필터 관련 가이드가 필요해요	70	FILTER
1467	2026-04-16 09:11:02.047366	2026-04-16 09:11:02.047366	리모컨 사용법을 알려주세요	70	REMOTE
1468	2026-04-16 09:11:02.048954	2026-04-16 09:11:02.048954	아이스 메이커 사용법이 궁금해요	71	ICE_MAKER
1469	2026-04-16 09:11:02.04998	2026-04-16 09:11:02.04998	온도 설정·조절이 궁금해요	71	TEMPERATURE
1470	2026-04-16 09:11:02.051005	2026-04-16 09:11:02.051005	청소하는 방법을 알려주세요	72	CLEANING
1471	2026-04-16 09:11:02.052026	2026-04-16 09:11:02.052026	사용법을 알고 싶어요	72	USAGE
1472	2026-04-16 09:11:02.053064	2026-04-16 09:11:02.053064	필터 관련 가이드가 필요해요	73	FILTER
1473	2026-04-16 09:11:02.05358	2026-04-16 09:11:02.05358	리모컨 사용법을 알려주세요	73	REMOTE
1474	2026-04-16 09:11:02.054617	2026-04-16 09:11:02.054617	아이스 메이커 사용법이 궁금해요	74	ICE_MAKER
1475	2026-04-16 09:11:02.055641	2026-04-16 09:11:02.055641	온도 설정·조절이 궁금해요	74	TEMPERATURE
1476	2026-04-16 09:11:02.056659	2026-04-16 09:11:02.056659	청소하는 방법을 알려주세요	75	CLEANING
1477	2026-04-16 09:11:02.057685	2026-04-16 09:11:02.057685	사용법을 알고 싶어요	75	USAGE
1478	2026-04-16 09:11:02.058705	2026-04-16 09:11:02.058705	필터 관련 가이드가 필요해요	76	FILTER
1479	2026-04-16 09:11:02.059746	2026-04-16 09:11:02.059746	리모컨 사용법을 알려주세요	76	REMOTE
1480	2026-04-16 09:11:02.060778	2026-04-16 09:11:02.060778	아이스 메이커 사용법이 궁금해요	77	ICE_MAKER
1481	2026-04-16 09:11:02.06179	2026-04-16 09:11:02.06179	온도 설정·조절이 궁금해요	77	TEMPERATURE
1482	2026-04-16 09:11:02.062298	2026-04-16 09:11:02.062298	청소하는 방법을 알려주세요	78	CLEANING
1483	2026-04-16 09:11:02.063321	2026-04-16 09:11:02.063321	사용법을 알고 싶어요	78	USAGE
1484	2026-04-16 09:11:02.065617	2026-04-16 09:11:02.065617	필터 관련 가이드가 필요해요	79	FILTER
1485	2026-04-16 09:11:02.066629	2026-04-16 09:11:02.066629	리모컨 사용법을 알려주세요	79	REMOTE
1486	2026-04-16 09:11:02.067654	2026-04-16 09:11:02.067654	아이스 메이커 사용법이 궁금해요	80	ICE_MAKER
1487	2026-04-16 09:11:02.068679	2026-04-16 09:11:02.068679	온도 설정·조절이 궁금해요	80	TEMPERATURE
1488	2026-04-16 09:11:02.069754	2026-04-16 09:11:02.069754	청소하는 방법을 알려주세요	81	CLEANING
1489	2026-04-16 09:11:02.070884	2026-04-16 09:11:02.070884	사용법을 알고 싶어요	81	USAGE
1490	2026-04-16 09:11:02.071969	2026-04-16 09:11:02.071969	필터 관련 가이드가 필요해요	82	FILTER
1491	2026-04-16 09:11:02.072992	2026-04-16 09:11:02.072992	리모컨 사용법을 알려주세요	82	REMOTE
1492	2026-04-16 09:11:02.074033	2026-04-16 09:11:02.074033	아이스 메이커 사용법이 궁금해요	83	ICE_MAKER
1493	2026-04-16 09:11:02.075068	2026-04-16 09:11:02.075068	온도 설정·조절이 궁금해요	83	TEMPERATURE
1494	2026-04-16 09:11:02.076136	2026-04-16 09:11:02.076136	청소하는 방법을 알려주세요	84	CLEANING
1495	2026-04-16 09:11:02.077179	2026-04-16 09:11:02.077179	사용법을 알고 싶어요	84	USAGE
1496	2026-04-16 09:11:02.078211	2026-04-16 09:11:02.078211	필터 관련 가이드가 필요해요	85	FILTER
1497	2026-04-16 09:11:02.079446	2026-04-16 09:11:02.079446	리모컨 사용법을 알려주세요	85	REMOTE
1498	2026-04-16 09:11:02.079959	2026-04-16 09:11:02.079959	아이스 메이커 사용법이 궁금해요	86	ICE_MAKER
1499	2026-04-16 09:11:02.080983	2026-04-16 09:11:02.080983	온도 설정·조절이 궁금해요	86	TEMPERATURE
1500	2026-04-16 09:11:02.082006	2026-04-16 09:11:02.082006	청소하는 방법을 알려주세요	87	CLEANING
1501	2026-04-16 09:11:02.083038	2026-04-16 09:11:02.083038	사용법을 알고 싶어요	87	USAGE
1502	2026-04-16 09:11:02.083552	2026-04-16 09:11:02.083552	필터 관련 가이드가 필요해요	88	FILTER
1503	2026-04-16 09:11:02.08458	2026-04-16 09:11:02.08458	리모컨 사용법을 알려주세요	88	REMOTE
1504	2026-04-16 09:11:02.085605	2026-04-16 09:11:02.085605	아이스 메이커 사용법이 궁금해요	89	ICE_MAKER
1505	2026-04-16 09:11:02.087144	2026-04-16 09:11:02.087144	온도 설정·조절이 궁금해요	89	TEMPERATURE
1506	2026-04-16 09:11:02.088166	2026-04-16 09:11:02.088166	청소하는 방법을 알려주세요	90	CLEANING
1507	2026-04-16 09:11:02.089189	2026-04-16 09:11:02.089189	사용법을 알고 싶어요	90	USAGE
1508	2026-04-16 09:11:02.090225	2026-04-16 09:11:02.090225	필터 관련 가이드가 필요해요	91	FILTER
1509	2026-04-16 09:11:02.091249	2026-04-16 09:11:02.091249	리모컨 사용법을 알려주세요	91	REMOTE
1510	2026-04-16 09:11:02.093843	2026-04-16 09:11:02.093843	아이스 메이커 사용법이 궁금해요	92	ICE_MAKER
1511	2026-04-16 09:11:02.095562	2026-04-16 09:11:02.095562	온도 설정·조절이 궁금해요	92	TEMPERATURE
1512	2026-04-16 09:11:02.096589	2026-04-16 09:11:02.096589	청소하는 방법을 알려주세요	93	CLEANING
1513	2026-04-16 09:11:02.097617	2026-04-16 09:11:02.097617	사용법을 알고 싶어요	93	USAGE
1514	2026-04-16 09:11:02.098133	2026-04-16 09:11:02.098133	필터 관련 가이드가 필요해요	94	FILTER
1515	2026-04-16 09:11:02.099154	2026-04-16 09:11:02.099154	리모컨 사용법을 알려주세요	94	REMOTE
1516	2026-04-16 09:11:02.099664	2026-04-16 09:11:02.099664	아이스 메이커 사용법이 궁금해요	95	ICE_MAKER
1517	2026-04-16 09:11:02.100689	2026-04-16 09:11:02.100689	온도 설정·조절이 궁금해요	95	TEMPERATURE
1518	2026-04-16 09:11:02.101715	2026-04-16 09:11:02.101715	청소하는 방법을 알려주세요	96	CLEANING
1519	2026-04-16 09:11:02.102743	2026-04-16 09:11:02.102743	사용법을 알고 싶어요	96	USAGE
1520	2026-04-16 09:11:02.10325	2026-04-16 09:11:02.10325	필터 관련 가이드가 필요해요	97	FILTER
1521	2026-04-16 09:11:02.104288	2026-04-16 09:11:02.104288	리모컨 사용법을 알려주세요	97	REMOTE
1522	2026-04-16 09:11:02.105314	2026-04-16 09:11:02.105314	아이스 메이커 사용법이 궁금해요	98	ICE_MAKER
1523	2026-04-16 09:11:02.106335	2026-04-16 09:11:02.106335	온도 설정·조절이 궁금해요	98	TEMPERATURE
1524	2026-04-16 09:11:02.106842	2026-04-16 09:11:02.106842	청소하는 방법을 알려주세요	99	CLEANING
1525	2026-04-16 09:11:02.107861	2026-04-16 09:11:02.107861	사용법을 알고 싶어요	99	USAGE
1526	2026-04-16 09:11:02.1089	2026-04-16 09:11:02.1089	필터 관련 가이드가 필요해요	100	FILTER
1527	2026-04-16 09:11:02.110061	2026-04-16 09:11:02.110061	리모컨 사용법을 알려주세요	100	REMOTE
1528	2026-04-16 09:11:02.111195	2026-04-16 09:11:02.111195	아이스 메이커 사용법이 궁금해요	101	ICE_MAKER
1529	2026-04-16 09:11:02.111706	2026-04-16 09:11:02.111706	온도 설정·조절이 궁금해요	101	TEMPERATURE
1530	2026-04-16 09:11:02.112727	2026-04-16 09:11:02.112727	청소하는 방법을 알려주세요	102	CLEANING
1531	2026-04-16 09:11:02.113749	2026-04-16 09:11:02.113749	사용법을 알고 싶어요	102	USAGE
1532	2026-04-16 09:11:02.114776	2026-04-16 09:11:02.114776	필터 관련 가이드가 필요해요	103	FILTER
1533	2026-04-16 09:11:02.115287	2026-04-16 09:11:02.115287	리모컨 사용법을 알려주세요	103	REMOTE
1534	2026-04-16 09:11:02.116308	2026-04-16 09:11:02.116308	아이스 메이커 사용법이 궁금해요	104	ICE_MAKER
1535	2026-04-16 09:11:02.11734	2026-04-16 09:11:02.11734	온도 설정·조절이 궁금해요	104	TEMPERATURE
1536	2026-04-16 09:11:02.117854	2026-04-16 09:11:02.117854	청소하는 방법을 알려주세요	105	CLEANING
1537	2026-04-16 09:11:02.118882	2026-04-16 09:11:02.118882	사용법을 알고 싶어요	105	USAGE
1538	2026-04-16 09:11:02.119395	2026-04-16 09:11:02.119395	필터 관련 가이드가 필요해요	106	FILTER
1539	2026-04-16 09:11:02.120423	2026-04-16 09:11:02.120423	리모컨 사용법을 알려주세요	106	REMOTE
1540	2026-04-16 09:11:02.120932	2026-04-16 09:11:02.120932	아이스 메이커 사용법이 궁금해요	107	ICE_MAKER
1541	2026-04-16 09:11:02.121958	2026-04-16 09:11:02.121958	온도 설정·조절이 궁금해요	107	TEMPERATURE
1542	2026-04-16 09:11:02.122975	2026-04-16 09:11:02.122975	청소하는 방법을 알려주세요	108	CLEANING
1543	2026-04-16 09:11:02.123489	2026-04-16 09:11:02.123489	사용법을 알고 싶어요	108	USAGE
1544	2026-04-16 09:11:02.124505	2026-04-16 09:11:02.124505	필터 관련 가이드가 필요해요	109	FILTER
1545	2026-04-16 09:11:02.126099	2026-04-16 09:11:02.126099	리모컨 사용법을 알려주세요	109	REMOTE
1546	2026-04-16 09:11:02.127123	2026-04-16 09:11:02.127123	아이스 메이커 사용법이 궁금해요	110	ICE_MAKER
1547	2026-04-16 09:11:02.127637	2026-04-16 09:11:02.127637	온도 설정·조절이 궁금해요	110	TEMPERATURE
1548	2026-04-16 09:11:02.12866	2026-04-16 09:11:02.12866	청소하는 방법을 알려주세요	111	CLEANING
1549	2026-04-16 09:11:02.12969	2026-04-16 09:11:02.12969	사용법을 알고 싶어요	111	USAGE
1550	2026-04-16 09:11:02.130715	2026-04-16 09:11:02.130715	필터 관련 가이드가 필요해요	112	FILTER
1551	2026-04-16 09:11:02.13123	2026-04-16 09:11:02.13123	리모컨 사용법을 알려주세요	112	REMOTE
1552	2026-04-16 09:11:02.132255	2026-04-16 09:11:02.132255	아이스 메이커 사용법이 궁금해요	113	ICE_MAKER
1553	2026-04-16 09:11:02.132769	2026-04-16 09:11:02.132769	온도 설정·조절이 궁금해요	113	TEMPERATURE
1554	2026-04-16 09:11:02.133809	2026-04-16 09:11:02.133809	청소하는 방법을 알려주세요	114	CLEANING
1555	2026-04-16 09:11:02.134829	2026-04-16 09:11:02.134829	사용법을 알고 싶어요	114	USAGE
1556	2026-04-16 09:11:02.135852	2026-04-16 09:11:02.135852	필터 관련 가이드가 필요해요	115	FILTER
1557	2026-04-16 09:11:02.136882	2026-04-16 09:11:02.136882	리모컨 사용법을 알려주세요	115	REMOTE
1558	2026-04-16 09:11:02.137902	2026-04-16 09:11:02.137902	아이스 메이커 사용법이 궁금해요	116	ICE_MAKER
1559	2026-04-16 09:11:02.138415	2026-04-16 09:11:02.138415	온도 설정·조절이 궁금해요	116	TEMPERATURE
1560	2026-04-16 09:11:02.139438	2026-04-16 09:11:02.139438	청소하는 방법을 알려주세요	117	CLEANING
1561	2026-04-16 09:11:02.140466	2026-04-16 09:11:02.140466	사용법을 알고 싶어요	117	USAGE
1562	2026-04-16 09:11:02.142201	2026-04-16 09:11:02.142201	필터 관련 가이드가 필요해요	118	FILTER
1563	2026-04-16 09:11:02.142713	2026-04-16 09:11:02.142713	리모컨 사용법을 알려주세요	118	REMOTE
1564	2026-04-16 09:11:02.143744	2026-04-16 09:11:02.143744	아이스 메이커 사용법이 궁금해요	119	ICE_MAKER
1565	2026-04-16 09:11:02.144766	2026-04-16 09:11:02.144766	온도 설정·조절이 궁금해요	119	TEMPERATURE
1566	2026-04-16 09:11:02.145792	2026-04-16 09:11:02.145792	청소하는 방법을 알려주세요	120	CLEANING
1567	2026-04-16 09:11:02.146307	2026-04-16 09:11:02.146307	사용법을 알고 싶어요	120	USAGE
1568	2026-04-16 09:11:02.147331	2026-04-16 09:11:02.147331	필터 관련 가이드가 필요해요	121	FILTER
1569	2026-04-16 09:11:02.148352	2026-04-16 09:11:02.148352	리모컨 사용법을 알려주세요	121	REMOTE
1570	2026-04-16 09:11:02.149371	2026-04-16 09:11:02.149371	아이스 메이커 사용법이 궁금해요	122	ICE_MAKER
1571	2026-04-16 09:11:02.149883	2026-04-16 09:11:02.149883	온도 설정·조절이 궁금해요	122	TEMPERATURE
1572	2026-04-16 09:11:02.150911	2026-04-16 09:11:02.150911	청소하는 방법을 알려주세요	123	CLEANING
1573	2026-04-16 09:11:02.151939	2026-04-16 09:11:02.151939	사용법을 알고 싶어요	123	USAGE
1574	2026-04-16 09:11:02.153544	2026-04-16 09:11:02.153544	필터 관련 가이드가 필요해요	124	FILTER
1575	2026-04-16 09:11:02.154596	2026-04-16 09:11:02.154596	리모컨 사용법을 알려주세요	124	REMOTE
1576	2026-04-16 09:11:02.156166	2026-04-16 09:11:02.156166	아이스 메이커 사용법이 궁금해요	125	ICE_MAKER
1577	2026-04-16 09:11:02.156705	2026-04-16 09:11:02.156705	온도 설정·조절이 궁금해요	125	TEMPERATURE
1578	2026-04-16 09:11:02.157729	2026-04-16 09:11:02.157729	청소하는 방법을 알려주세요	126	CLEANING
1579	2026-04-16 09:11:02.158777	2026-04-16 09:11:02.158777	사용법을 알고 싶어요	126	USAGE
1580	2026-04-16 09:11:02.159805	2026-04-16 09:11:02.159805	필터 관련 가이드가 필요해요	127	FILTER
1581	2026-04-16 09:11:02.16083	2026-04-16 09:11:02.16083	리모컨 사용법을 알려주세요	127	REMOTE
1582	2026-04-16 09:11:02.161846	2026-04-16 09:11:02.161846	아이스 메이커 사용법이 궁금해요	128	ICE_MAKER
1583	2026-04-16 09:11:02.162361	2026-04-16 09:11:02.162361	온도 설정·조절이 궁금해요	128	TEMPERATURE
1584	2026-04-16 09:11:02.163418	2026-04-16 09:11:02.163418	청소하는 방법을 알려주세요	129	CLEANING
1585	2026-04-16 09:11:02.164441	2026-04-16 09:11:02.164441	사용법을 알고 싶어요	129	USAGE
1586	2026-04-16 09:11:02.165461	2026-04-16 09:11:02.165461	필터 관련 가이드가 필요해요	130	FILTER
1587	2026-04-16 09:11:02.166492	2026-04-16 09:11:02.166492	리모컨 사용법을 알려주세요	130	REMOTE
1588	2026-04-16 09:11:02.167516	2026-04-16 09:11:02.167516	아이스 메이커 사용법이 궁금해요	131	ICE_MAKER
1589	2026-04-16 09:11:02.168029	2026-04-16 09:11:02.168029	온도 설정·조절이 궁금해요	131	TEMPERATURE
1590	2026-04-16 09:11:02.169053	2026-04-16 09:11:02.169053	청소하는 방법을 알려주세요	132	CLEANING
1591	2026-04-16 09:11:02.170083	2026-04-16 09:11:02.170083	사용법을 알고 싶어요	132	USAGE
1592	2026-04-16 09:11:02.171103	2026-04-16 09:11:02.171103	필터 관련 가이드가 필요해요	133	FILTER
1593	2026-04-16 09:11:02.171764	2026-04-16 09:11:02.171764	리모컨 사용법을 알려주세요	133	REMOTE
1594	2026-04-16 09:11:02.172789	2026-04-16 09:11:02.172789	아이스 메이커 사용법이 궁금해요	134	ICE_MAKER
1595	2026-04-16 09:11:02.173813	2026-04-16 09:11:02.173813	온도 설정·조절이 궁금해요	134	TEMPERATURE
1596	2026-04-16 09:11:02.174835	2026-04-16 09:11:02.174835	청소하는 방법을 알려주세요	135	CLEANING
1597	2026-04-16 09:11:02.175852	2026-04-16 09:11:02.175852	사용법을 알고 싶어요	135	USAGE
1598	2026-04-16 09:11:02.176364	2026-04-16 09:11:02.176364	필터 관련 가이드가 필요해요	136	FILTER
1599	2026-04-16 09:11:02.17739	2026-04-16 09:11:02.17739	리모컨 사용법을 알려주세요	136	REMOTE
1600	2026-04-16 09:11:02.178413	2026-04-16 09:11:02.178413	아이스 메이커 사용법이 궁금해요	137	ICE_MAKER
1601	2026-04-16 09:11:02.179435	2026-04-16 09:11:02.179435	온도 설정·조절이 궁금해요	137	TEMPERATURE
1602	2026-04-16 09:11:02.180464	2026-04-16 09:11:02.180464	청소하는 방법을 알려주세요	138	CLEANING
1603	2026-04-16 09:11:02.180975	2026-04-16 09:11:02.180975	사용법을 알고 싶어요	138	USAGE
1604	2026-04-16 09:11:02.182012	2026-04-16 09:11:02.182012	필터 관련 가이드가 필요해요	139	FILTER
1605	2026-04-16 09:11:02.182524	2026-04-16 09:11:02.182524	리모컨 사용법을 알려주세요	139	REMOTE
1606	2026-04-16 09:11:02.183549	2026-04-16 09:11:02.183549	아이스 메이커 사용법이 궁금해요	140	ICE_MAKER
1607	2026-04-16 09:11:02.184574	2026-04-16 09:11:02.184574	온도 설정·조절이 궁금해요	140	TEMPERATURE
1608	2026-04-16 09:11:02.185086	2026-04-16 09:11:02.185086	청소하는 방법을 알려주세요	141	CLEANING
1609	2026-04-16 09:11:02.186109	2026-04-16 09:11:02.186109	사용법을 알고 싶어요	141	USAGE
1610	2026-04-16 09:11:02.187181	2026-04-16 09:11:02.187181	필터 관련 가이드가 필요해요	142	FILTER
1611	2026-04-16 09:11:02.188209	2026-04-16 09:11:02.188209	리모컨 사용법을 알려주세요	142	REMOTE
1612	2026-04-16 09:11:02.189251	2026-04-16 09:11:02.189251	아이스 메이커 사용법이 궁금해요	143	ICE_MAKER
1613	2026-04-16 09:11:02.189758	2026-04-16 09:11:02.189758	온도 설정·조절이 궁금해요	143	TEMPERATURE
1614	2026-04-16 09:11:02.190783	2026-04-16 09:11:02.190783	청소하는 방법을 알려주세요	144	CLEANING
1615	2026-04-16 09:11:02.191807	2026-04-16 09:11:02.191807	사용법을 알고 싶어요	144	USAGE
1616	2026-04-16 09:11:02.192833	2026-04-16 09:11:02.192833	필터 관련 가이드가 필요해요	145	FILTER
1617	2026-04-16 09:11:02.193868	2026-04-16 09:11:02.193868	리모컨 사용법을 알려주세요	145	REMOTE
1618	2026-04-16 09:11:02.194894	2026-04-16 09:11:02.194894	아이스 메이커 사용법이 궁금해요	146	ICE_MAKER
1619	2026-04-16 09:11:02.195914	2026-04-16 09:11:02.195914	온도 설정·조절이 궁금해요	146	TEMPERATURE
1620	2026-04-16 09:11:02.196424	2026-04-16 09:11:02.196424	청소하는 방법을 알려주세요	147	CLEANING
1621	2026-04-16 09:11:02.197466	2026-04-16 09:11:02.197466	사용법을 알고 싶어요	147	USAGE
1622	2026-04-16 09:11:02.198497	2026-04-16 09:11:02.198497	필터 관련 가이드가 필요해요	148	FILTER
1623	2026-04-16 09:11:02.19953	2026-04-16 09:11:02.19953	리모컨 사용법을 알려주세요	148	REMOTE
1624	2026-04-16 09:11:02.200043	2026-04-16 09:11:02.200043	아이스 메이커 사용법이 궁금해요	149	ICE_MAKER
1625	2026-04-16 09:11:02.201069	2026-04-16 09:11:02.201069	온도 설정·조절이 궁금해요	149	TEMPERATURE
1626	2026-04-16 09:11:02.202303	2026-04-16 09:11:02.202303	청소하는 방법을 알려주세요	150	CLEANING
1627	2026-04-16 09:11:02.20337	2026-04-16 09:11:02.20337	사용법을 알고 싶어요	150	USAGE
1628	2026-04-16 09:11:02.204395	2026-04-16 09:11:02.204395	필터 관련 가이드가 필요해요	151	FILTER
1629	2026-04-16 09:11:02.205429	2026-04-16 09:11:02.205429	리모컨 사용법을 알려주세요	151	REMOTE
1630	2026-04-16 09:11:02.206454	2026-04-16 09:11:02.206454	아이스 메이커 사용법이 궁금해요	152	ICE_MAKER
1631	2026-04-16 09:11:02.208017	2026-04-16 09:11:02.208017	온도 설정·조절이 궁금해요	152	TEMPERATURE
1632	2026-04-16 09:11:02.210089	2026-04-16 09:11:02.210089	청소하는 방법을 알려주세요	153	CLEANING
1633	2026-04-16 09:11:02.211123	2026-04-16 09:11:02.211123	사용법을 알고 싶어요	153	USAGE
1634	2026-04-16 09:11:02.212147	2026-04-16 09:11:02.212147	필터 관련 가이드가 필요해요	154	FILTER
1635	2026-04-16 09:11:02.213209	2026-04-16 09:11:02.213209	리모컨 사용법을 알려주세요	154	REMOTE
1636	2026-04-16 09:11:02.21476	2026-04-16 09:11:02.21476	아이스 메이커 사용법이 궁금해요	155	ICE_MAKER
1637	2026-04-16 09:11:02.216297	2026-04-16 09:11:02.216297	온도 설정·조절이 궁금해요	155	TEMPERATURE
1638	2026-04-16 09:11:02.217923	2026-04-16 09:11:02.217923	청소하는 방법을 알려주세요	156	CLEANING
1639	2026-04-16 09:11:02.219587	2026-04-16 09:11:02.219587	사용법을 알고 싶어요	156	USAGE
1640	2026-04-16 09:11:02.220612	2026-04-16 09:11:02.220612	필터 관련 가이드가 필요해요	157	FILTER
1641	2026-04-16 09:11:02.221638	2026-04-16 09:11:02.221638	리모컨 사용법을 알려주세요	157	REMOTE
1642	2026-04-16 09:11:02.222149	2026-04-16 09:11:02.222149	아이스 메이커 사용법이 궁금해요	158	ICE_MAKER
1643	2026-04-16 09:11:02.223179	2026-04-16 09:11:02.223179	온도 설정·조절이 궁금해요	158	TEMPERATURE
1644	2026-04-16 09:11:02.223694	2026-04-16 09:11:02.223694	청소하는 방법을 알려주세요	159	CLEANING
1645	2026-04-16 09:11:02.224721	2026-04-16 09:11:02.224721	사용법을 알고 싶어요	159	USAGE
1646	2026-04-16 09:11:02.225739	2026-04-16 09:11:02.225739	필터 관련 가이드가 필요해요	160	FILTER
1647	2026-04-16 09:11:02.226256	2026-04-16 09:11:02.226256	리모컨 사용법을 알려주세요	160	REMOTE
1648	2026-04-16 09:11:02.227276	2026-04-16 09:11:02.227276	아이스 메이커 사용법이 궁금해요	161	ICE_MAKER
1649	2026-04-16 09:11:02.2283	2026-04-16 09:11:02.2283	온도 설정·조절이 궁금해요	161	TEMPERATURE
1650	2026-04-16 09:11:02.22881	2026-04-16 09:11:02.22881	청소하는 방법을 알려주세요	162	CLEANING
1651	2026-04-16 09:11:02.229324	2026-04-16 09:11:02.229324	사용법을 알고 싶어요	162	USAGE
1652	2026-04-16 09:11:02.230348	2026-04-16 09:11:02.230348	필터 관련 가이드가 필요해요	163	FILTER
1653	2026-04-16 09:11:02.23086	2026-04-16 09:11:02.23086	리모컨 사용법을 알려주세요	163	REMOTE
1654	2026-04-16 09:11:02.23188	2026-04-16 09:11:02.23188	아이스 메이커 사용법이 궁금해요	164	ICE_MAKER
1655	2026-04-16 09:11:02.232515	2026-04-16 09:11:02.232515	온도 설정·조절이 궁금해요	164	TEMPERATURE
1656	2026-04-16 09:11:02.233537	2026-04-16 09:11:02.233537	청소하는 방법을 알려주세요	165	CLEANING
1657	2026-04-16 09:11:02.234564	2026-04-16 09:11:02.234564	사용법을 알고 싶어요	165	USAGE
1658	2026-04-16 09:11:02.235075	2026-04-16 09:11:02.235075	필터 관련 가이드가 필요해요	166	FILTER
1659	2026-04-16 09:11:02.235588	2026-04-16 09:11:02.235588	리모컨 사용법을 알려주세요	166	REMOTE
1660	2026-04-16 09:11:02.236608	2026-04-16 09:11:02.236608	아이스 메이커 사용법이 궁금해요	167	ICE_MAKER
1661	2026-04-16 09:11:02.237121	2026-04-16 09:11:02.237121	온도 설정·조절이 궁금해요	167	TEMPERATURE
1662	2026-04-16 09:11:02.23814	2026-04-16 09:11:02.23814	청소하는 방법을 알려주세요	168	CLEANING
1663	2026-04-16 09:11:02.238648	2026-04-16 09:11:02.238648	사용법을 알고 싶어요	168	USAGE
1664	2026-04-16 09:11:02.23967	2026-04-16 09:11:02.23967	필터 관련 가이드가 필요해요	169	FILTER
1665	2026-04-16 09:11:02.240182	2026-04-16 09:11:02.240182	리모컨 사용법을 알려주세요	169	REMOTE
1666	2026-04-16 09:11:02.241203	2026-04-16 09:11:02.241203	아이스 메이커 사용법이 궁금해요	170	ICE_MAKER
1667	2026-04-16 09:11:02.242226	2026-04-16 09:11:02.242226	온도 설정·조절이 궁금해요	170	TEMPERATURE
1668	2026-04-16 09:11:02.24274	2026-04-16 09:11:02.24274	청소하는 방법을 알려주세요	171	CLEANING
1669	2026-04-16 09:11:02.243769	2026-04-16 09:11:02.243769	사용법을 알고 싶어요	171	USAGE
1670	2026-04-16 09:11:02.244282	2026-04-16 09:11:02.244282	필터 관련 가이드가 필요해요	172	FILTER
1671	2026-04-16 09:11:02.245311	2026-04-16 09:11:02.245311	리모컨 사용법을 알려주세요	172	REMOTE
1672	2026-04-16 09:11:02.24582	2026-04-16 09:11:02.24582	아이스 메이커 사용법이 궁금해요	173	ICE_MAKER
1673	2026-04-16 09:11:02.246846	2026-04-16 09:11:02.246846	온도 설정·조절이 궁금해요	173	TEMPERATURE
1674	2026-04-16 09:11:02.248062	2026-04-16 09:11:02.248062	청소하는 방법을 알려주세요	174	CLEANING
1675	2026-04-16 09:11:02.249081	2026-04-16 09:11:02.249081	사용법을 알고 싶어요	174	USAGE
1676	2026-04-16 09:11:02.249597	2026-04-16 09:11:02.249597	필터 관련 가이드가 필요해요	175	FILTER
1677	2026-04-16 09:11:02.250625	2026-04-16 09:11:02.250625	리모컨 사용법을 알려주세요	175	REMOTE
1678	2026-04-16 09:11:02.251131	2026-04-16 09:11:02.251131	아이스 메이커 사용법이 궁금해요	176	ICE_MAKER
1679	2026-04-16 09:11:02.252155	2026-04-16 09:11:02.252155	온도 설정·조절이 궁금해요	176	TEMPERATURE
1680	2026-04-16 09:11:02.253179	2026-04-16 09:11:02.253179	청소하는 방법을 알려주세요	177	CLEANING
1681	2026-04-16 09:11:02.253693	2026-04-16 09:11:02.253693	사용법을 알고 싶어요	177	USAGE
1682	2026-04-16 09:11:02.254718	2026-04-16 09:11:02.254718	필터 관련 가이드가 필요해요	178	FILTER
1683	2026-04-16 09:11:02.254718	2026-04-16 09:11:02.254718	리모컨 사용법을 알려주세요	178	REMOTE
1684	2026-04-16 09:11:02.255721	2026-04-16 09:11:02.255721	아이스 메이커 사용법이 궁금해요	179	ICE_MAKER
1685	2026-04-16 09:11:02.257293	2026-04-16 09:11:02.257293	온도 설정·조절이 궁금해요	179	TEMPERATURE
1686	2026-04-16 09:11:02.257293	2026-04-16 09:11:02.257293	청소하는 방법을 알려주세요	180	CLEANING
1687	2026-04-16 09:11:02.258804	2026-04-16 09:11:02.258804	사용법을 알고 싶어요	180	USAGE
1688	2026-04-16 09:11:02.259807	2026-04-16 09:11:02.259807	필터 관련 가이드가 필요해요	181	FILTER
1689	2026-04-16 09:11:02.260823	2026-04-16 09:11:02.260823	리모컨 사용법을 알려주세요	181	REMOTE
1690	2026-04-16 09:11:02.261841	2026-04-16 09:11:02.261841	아이스 메이커 사용법이 궁금해요	182	ICE_MAKER
1691	2026-04-16 09:11:02.262922	2026-04-16 09:11:02.262922	온도 설정·조절이 궁금해요	182	TEMPERATURE
1692	2026-04-16 09:11:02.264007	2026-04-16 09:11:02.264007	청소하는 방법을 알려주세요	183	CLEANING
1693	2026-04-16 09:11:02.264521	2026-04-16 09:11:02.264521	사용법을 알고 싶어요	183	USAGE
1694	2026-04-16 09:11:02.265586	2026-04-16 09:11:02.265586	필터 관련 가이드가 필요해요	184	FILTER
1695	2026-04-16 09:11:02.266614	2026-04-16 09:11:02.266614	리모컨 사용법을 알려주세요	184	REMOTE
1696	2026-04-16 09:11:02.267126	2026-04-16 09:11:02.267126	아이스 메이커 사용법이 궁금해요	185	ICE_MAKER
1697	2026-04-16 09:11:02.268147	2026-04-16 09:11:02.268147	온도 설정·조절이 궁금해요	185	TEMPERATURE
1698	2026-04-16 09:11:02.26917	2026-04-16 09:11:02.26917	청소하는 방법을 알려주세요	186	CLEANING
1699	2026-04-16 09:11:02.26968	2026-04-16 09:11:02.26968	사용법을 알고 싶어요	186	USAGE
1700	2026-04-16 09:11:02.270711	2026-04-16 09:11:02.270711	필터 관련 가이드가 필요해요	187	FILTER
1701	2026-04-16 09:11:02.271735	2026-04-16 09:11:02.271735	리모컨 사용법을 알려주세요	187	REMOTE
1702	2026-04-16 09:11:02.272243	2026-04-16 09:11:02.272243	아이스 메이커 사용법이 궁금해요	188	ICE_MAKER
1703	2026-04-16 09:11:02.273275	2026-04-16 09:11:02.273275	온도 설정·조절이 궁금해요	188	TEMPERATURE
1704	2026-04-16 09:11:02.273785	2026-04-16 09:11:02.273785	청소하는 방법을 알려주세요	189	CLEANING
1705	2026-04-16 09:11:02.274818	2026-04-16 09:11:02.274818	사용법을 알고 싶어요	189	USAGE
1706	2026-04-16 09:11:02.275836	2026-04-16 09:11:02.275836	필터 관련 가이드가 필요해요	190	FILTER
1707	2026-04-16 09:11:02.276862	2026-04-16 09:11:02.276862	리모컨 사용법을 알려주세요	190	REMOTE
1708	2026-04-16 09:11:02.277379	2026-04-16 09:11:02.277379	아이스 메이커 사용법이 궁금해요	191	ICE_MAKER
1709	2026-04-16 09:11:02.279075	2026-04-16 09:11:02.279075	온도 설정·조절이 궁금해요	191	TEMPERATURE
1710	2026-04-16 09:11:02.279585	2026-04-16 09:11:02.279585	청소하는 방법을 알려주세요	192	CLEANING
1711	2026-04-16 09:11:02.280662	2026-04-16 09:11:02.280662	사용법을 알고 싶어요	192	USAGE
1712	2026-04-16 09:11:02.281199	2026-04-16 09:11:02.281199	필터 관련 가이드가 필요해요	193	FILTER
1713	2026-04-16 09:11:02.282224	2026-04-16 09:11:02.282224	리모컨 사용법을 알려주세요	193	REMOTE
1714	2026-04-16 09:11:02.282735	2026-04-16 09:11:02.282735	아이스 메이커 사용법이 궁금해요	194	ICE_MAKER
1715	2026-04-16 09:11:02.283756	2026-04-16 09:11:02.283756	온도 설정·조절이 궁금해요	194	TEMPERATURE
1716	2026-04-16 09:11:02.284271	2026-04-16 09:11:02.284271	청소하는 방법을 알려주세요	195	CLEANING
1717	2026-04-16 09:11:02.285304	2026-04-16 09:11:02.285304	사용법을 알고 싶어요	195	USAGE
1718	2026-04-16 09:11:02.286366	2026-04-16 09:11:02.286366	필터 관련 가이드가 필요해요	196	FILTER
1719	2026-04-16 09:11:02.286884	2026-04-16 09:11:02.286884	리모컨 사용법을 알려주세요	196	REMOTE
1720	2026-04-16 09:11:02.287912	2026-04-16 09:11:02.287912	아이스 메이커 사용법이 궁금해요	197	ICE_MAKER
1721	2026-04-16 09:11:02.288947	2026-04-16 09:11:02.288947	온도 설정·조절이 궁금해요	197	TEMPERATURE
1722	2026-04-16 09:11:02.289454	2026-04-16 09:11:02.289454	청소하는 방법을 알려주세요	198	CLEANING
1723	2026-04-16 09:11:02.29048	2026-04-16 09:11:02.29048	사용법을 알고 싶어요	198	USAGE
1724	2026-04-16 09:11:02.291508	2026-04-16 09:11:02.291508	필터 관련 가이드가 필요해요	199	FILTER
1725	2026-04-16 09:11:02.292533	2026-04-16 09:11:02.292533	리모컨 사용법을 알려주세요	199	REMOTE
1726	2026-04-16 09:11:02.293609	2026-04-16 09:11:02.293609	아이스 메이커 사용법이 궁금해요	200	ICE_MAKER
1727	2026-04-16 09:11:02.294681	2026-04-16 09:11:02.294681	온도 설정·조절이 궁금해요	200	TEMPERATURE
1728	2026-04-16 09:11:02.295196	2026-04-16 09:11:02.295196	청소하는 방법을 알려주세요	201	CLEANING
1729	2026-04-16 09:11:02.29624	2026-04-16 09:11:02.29624	사용법을 알고 싶어요	201	USAGE
1730	2026-04-16 09:11:02.296753	2026-04-16 09:11:02.296753	필터 관련 가이드가 필요해요	202	FILTER
1731	2026-04-16 09:11:02.297783	2026-04-16 09:11:02.297783	리모컨 사용법을 알려주세요	202	REMOTE
1732	2026-04-16 09:11:02.298318	2026-04-16 09:11:02.298318	아이스 메이커 사용법이 궁금해요	203	ICE_MAKER
1733	2026-04-16 09:11:02.299339	2026-04-16 09:11:02.299339	온도 설정·조절이 궁금해요	203	TEMPERATURE
1734	2026-04-16 09:11:02.299851	2026-04-16 09:11:02.299851	청소하는 방법을 알려주세요	204	CLEANING
1735	2026-04-16 09:11:02.300872	2026-04-16 09:11:02.300872	사용법을 알고 싶어요	204	USAGE
1736	2026-04-16 09:11:02.301381	2026-04-16 09:11:02.301381	필터 관련 가이드가 필요해요	205	FILTER
1737	2026-04-16 09:11:02.302407	2026-04-16 09:11:02.302407	리모컨 사용법을 알려주세요	205	REMOTE
1738	2026-04-16 09:11:02.30292	2026-04-16 09:11:02.30292	아이스 메이커 사용법이 궁금해요	206	ICE_MAKER
1739	2026-04-16 09:11:02.303943	2026-04-16 09:11:02.303943	온도 설정·조절이 궁금해요	206	TEMPERATURE
1740	2026-04-16 09:11:02.304457	2026-04-16 09:11:02.304457	청소하는 방법을 알려주세요	207	CLEANING
1741	2026-04-16 09:11:02.305481	2026-04-16 09:11:02.305481	사용법을 알고 싶어요	207	USAGE
1742	2026-04-16 09:11:02.305989	2026-04-16 09:11:02.305989	필터 관련 가이드가 필요해요	208	FILTER
1743	2026-04-16 09:11:02.307019	2026-04-16 09:11:02.307019	리모컨 사용법을 알려주세요	208	REMOTE
1744	2026-04-16 09:11:02.307531	2026-04-16 09:11:02.307531	아이스 메이커 사용법이 궁금해요	209	ICE_MAKER
1745	2026-04-16 09:11:02.308575	2026-04-16 09:11:02.308575	온도 설정·조절이 궁금해요	209	TEMPERATURE
1746	2026-04-16 09:11:02.309649	2026-04-16 09:11:02.309649	청소하는 방법을 알려주세요	210	CLEANING
1747	2026-04-16 09:11:02.310692	2026-04-16 09:11:02.310692	사용법을 알고 싶어요	210	USAGE
1748	2026-04-16 09:11:02.3112	2026-04-16 09:11:02.3112	필터 관련 가이드가 필요해요	211	FILTER
1749	2026-04-16 09:11:02.312223	2026-04-16 09:11:02.312223	리모컨 사용법을 알려주세요	211	REMOTE
1750	2026-04-16 09:11:02.31273	2026-04-16 09:11:02.31273	아이스 메이커 사용법이 궁금해요	212	ICE_MAKER
1751	2026-04-16 09:11:02.31376	2026-04-16 09:11:02.31376	온도 설정·조절이 궁금해요	212	TEMPERATURE
1752	2026-04-16 09:11:02.314787	2026-04-16 09:11:02.314787	청소하는 방법을 알려주세요	213	CLEANING
1753	2026-04-16 09:11:02.315298	2026-04-16 09:11:02.315298	사용법을 알고 싶어요	213	USAGE
1754	2026-04-16 09:11:02.316323	2026-04-16 09:11:02.316323	필터 관련 가이드가 필요해요	214	FILTER
1755	2026-04-16 09:11:02.316837	2026-04-16 09:11:02.316837	리모컨 사용법을 알려주세요	214	REMOTE
1756	2026-04-16 09:11:02.317859	2026-04-16 09:11:02.317859	아이스 메이커 사용법이 궁금해요	215	ICE_MAKER
1757	2026-04-16 09:11:02.318376	2026-04-16 09:11:02.318376	온도 설정·조절이 궁금해요	215	TEMPERATURE
1758	2026-04-16 09:11:02.319401	2026-04-16 09:11:02.319401	청소하는 방법을 알려주세요	216	CLEANING
1759	2026-04-16 09:11:02.319915	2026-04-16 09:11:02.319915	사용법을 알고 싶어요	216	USAGE
1760	2026-04-16 09:11:02.32092	2026-04-16 09:11:02.32092	필터 관련 가이드가 필요해요	217	FILTER
1761	2026-04-16 09:11:02.321934	2026-04-16 09:11:02.321934	리모컨 사용법을 알려주세요	217	REMOTE
1762	2026-04-16 09:11:02.322963	2026-04-16 09:11:02.322963	아이스 메이커 사용법이 궁금해요	218	ICE_MAKER
1763	2026-04-16 09:11:02.323478	2026-04-16 09:11:02.323478	온도 설정·조절이 궁금해요	218	TEMPERATURE
1764	2026-04-16 09:11:02.325148	2026-04-16 09:11:02.325148	청소하는 방법을 알려주세요	219	CLEANING
1765	2026-04-16 09:11:02.326673	2026-04-16 09:11:02.326673	사용법을 알고 싶어요	219	USAGE
1766	2026-04-16 09:11:02.328865	2026-04-16 09:11:02.328865	필터 관련 가이드가 필요해요	220	FILTER
1767	2026-04-16 09:11:02.329939	2026-04-16 09:11:02.329939	리모컨 사용법을 알려주세요	220	REMOTE
1768	2026-04-16 09:11:02.331492	2026-04-16 09:11:02.331492	아이스 메이커 사용법이 궁금해요	221	ICE_MAKER
1769	2026-04-16 09:11:02.332568	2026-04-16 09:11:02.332568	온도 설정·조절이 궁금해요	221	TEMPERATURE
1770	2026-04-16 09:11:02.334144	2026-04-16 09:11:02.334144	청소하는 방법을 알려주세요	222	CLEANING
1771	2026-04-16 09:11:02.335176	2026-04-16 09:11:02.335176	사용법을 알고 싶어요	222	USAGE
1772	2026-04-16 09:11:02.335893	2026-04-16 09:11:02.335893	필터 관련 가이드가 필요해요	223	FILTER
1773	2026-04-16 09:11:02.33642	2026-04-16 09:11:02.33642	리모컨 사용법을 알려주세요	223	REMOTE
1774	2026-04-16 09:11:02.337475	2026-04-16 09:11:02.337475	아이스 메이커 사용법이 궁금해요	224	ICE_MAKER
1775	2026-04-16 09:11:02.337986	2026-04-16 09:11:02.337986	온도 설정·조절이 궁금해요	224	TEMPERATURE
1776	2026-04-16 09:11:02.339018	2026-04-16 09:11:02.339018	청소하는 방법을 알려주세요	225	CLEANING
1777	2026-04-16 09:11:02.34008	2026-04-16 09:11:02.34008	사용법을 알고 싶어요	225	USAGE
1778	2026-04-16 09:11:02.341107	2026-04-16 09:11:02.341107	필터 관련 가이드가 필요해요	226	FILTER
1779	2026-04-16 09:11:02.342166	2026-04-16 09:11:02.342166	리모컨 사용법을 알려주세요	226	REMOTE
1780	2026-04-16 09:11:02.343193	2026-04-16 09:11:02.343193	아이스 메이커 사용법이 궁금해요	227	ICE_MAKER
1781	2026-04-16 09:11:02.344253	2026-04-16 09:11:02.344253	온도 설정·조절이 궁금해요	227	TEMPERATURE
1782	2026-04-16 09:11:02.345321	2026-04-16 09:11:02.345321	청소하는 방법을 알려주세요	228	CLEANING
1783	2026-04-16 09:11:02.346891	2026-04-16 09:11:02.346891	사용법을 알고 싶어요	228	USAGE
1784	2026-04-16 09:11:02.348825	2026-04-16 09:11:02.348825	필터 관련 가이드가 필요해요	229	FILTER
1785	2026-04-16 09:11:02.349886	2026-04-16 09:11:02.349886	리모컨 사용법을 알려주세요	229	REMOTE
1786	2026-04-16 09:11:02.350929	2026-04-16 09:11:02.350929	아이스 메이커 사용법이 궁금해요	230	ICE_MAKER
1787	2026-04-16 09:11:02.351439	2026-04-16 09:11:02.351439	온도 설정·조절이 궁금해요	230	TEMPERATURE
1788	2026-04-16 09:11:02.352461	2026-04-16 09:11:02.352461	청소하는 방법을 알려주세요	231	CLEANING
1789	2026-04-16 09:11:02.3535	2026-04-16 09:11:02.3535	사용법을 알고 싶어요	231	USAGE
1790	2026-04-16 09:11:02.354015	2026-04-16 09:11:02.354015	필터 관련 가이드가 필요해요	232	FILTER
1791	2026-04-16 09:11:02.355052	2026-04-16 09:11:02.355052	리모컨 사용법을 알려주세요	232	REMOTE
1792	2026-04-16 09:11:02.356861	2026-04-16 09:11:02.356861	아이스 메이커 사용법이 궁금해요	233	ICE_MAKER
1793	2026-04-16 09:11:02.3574	2026-04-16 09:11:02.3574	온도 설정·조절이 궁금해요	233	TEMPERATURE
1794	2026-04-16 09:11:02.3586	2026-04-16 09:11:02.3586	청소하는 방법을 알려주세요	234	CLEANING
1795	2026-04-16 09:11:02.359654	2026-04-16 09:11:02.359654	사용법을 알고 싶어요	234	USAGE
1796	2026-04-16 09:11:02.360686	2026-04-16 09:11:02.360686	필터 관련 가이드가 필요해요	235	FILTER
1797	2026-04-16 09:11:02.361705	2026-04-16 09:11:02.361705	리모컨 사용법을 알려주세요	235	REMOTE
1798	2026-04-16 09:11:02.362218	2026-04-16 09:11:02.362218	아이스 메이커 사용법이 궁금해요	236	ICE_MAKER
1799	2026-04-16 09:11:02.363241	2026-04-16 09:11:02.363241	온도 설정·조절이 궁금해요	236	TEMPERATURE
1800	2026-04-16 09:11:02.364275	2026-04-16 09:11:02.364275	청소하는 방법을 알려주세요	237	CLEANING
1801	2026-04-16 09:11:02.364782	2026-04-16 09:11:02.364782	사용법을 알고 싶어요	237	USAGE
1802	2026-04-16 09:11:02.365809	2026-04-16 09:11:02.365809	필터 관련 가이드가 필요해요	238	FILTER
1803	2026-04-16 09:11:02.366323	2026-04-16 09:11:02.366323	리모컨 사용법을 알려주세요	238	REMOTE
1804	2026-04-16 09:11:02.367345	2026-04-16 09:11:02.367345	아이스 메이커 사용법이 궁금해요	239	ICE_MAKER
1805	2026-04-16 09:11:02.368363	2026-04-16 09:11:02.368363	온도 설정·조절이 궁금해요	239	TEMPERATURE
1806	2026-04-16 09:11:02.368871	2026-04-16 09:11:02.368871	청소하는 방법을 알려주세요	240	CLEANING
1807	2026-04-16 09:11:02.369907	2026-04-16 09:11:02.369907	사용법을 알고 싶어요	240	USAGE
1808	2026-04-16 09:11:02.370993	2026-04-16 09:11:02.370993	필터 관련 가이드가 필요해요	241	FILTER
1809	2026-04-16 09:11:02.372024	2026-04-16 09:11:02.372024	리모컨 사용법을 알려주세요	241	REMOTE
1810	2026-04-16 09:11:02.373044	2026-04-16 09:11:02.373044	아이스 메이커 사용법이 궁금해요	242	ICE_MAKER
1811	2026-04-16 09:11:02.373561	2026-04-16 09:11:02.373561	온도 설정·조절이 궁금해요	242	TEMPERATURE
1812	2026-04-16 09:11:02.374596	2026-04-16 09:11:02.374596	청소하는 방법을 알려주세요	243	CLEANING
1813	2026-04-16 09:11:02.375621	2026-04-16 09:11:02.375621	사용법을 알고 싶어요	243	USAGE
1814	2026-04-16 09:11:02.376641	2026-04-16 09:11:02.376641	필터 관련 가이드가 필요해요	244	FILTER
1815	2026-04-16 09:11:02.37768	2026-04-16 09:11:02.37768	리모컨 사용법을 알려주세요	244	REMOTE
1816	2026-04-16 09:11:02.378195	2026-04-16 09:11:02.378195	아이스 메이커 사용법이 궁금해요	245	ICE_MAKER
1817	2026-04-16 09:11:02.379222	2026-04-16 09:11:02.379222	온도 설정·조절이 궁금해요	245	TEMPERATURE
1818	2026-04-16 09:11:02.379739	2026-04-16 09:11:02.379739	청소하는 방법을 알려주세요	246	CLEANING
1819	2026-04-16 09:11:02.380763	2026-04-16 09:11:02.380763	사용법을 알고 싶어요	246	USAGE
1820	2026-04-16 09:11:02.381285	2026-04-16 09:11:02.381285	필터 관련 가이드가 필요해요	247	FILTER
1821	2026-04-16 09:11:02.382311	2026-04-16 09:11:02.382311	리모컨 사용법을 알려주세요	247	REMOTE
1822	2026-04-16 09:11:02.382823	2026-04-16 09:11:02.382823	아이스 메이커 사용법이 궁금해요	248	ICE_MAKER
1823	2026-04-16 09:11:02.383875	2026-04-16 09:11:02.383875	온도 설정·조절이 궁금해요	248	TEMPERATURE
1824	2026-04-16 09:11:02.384391	2026-04-16 09:11:02.384391	청소하는 방법을 알려주세요	249	CLEANING
1825	2026-04-16 09:11:02.385424	2026-04-16 09:11:02.385424	사용법을 알고 싶어요	249	USAGE
1826	2026-04-16 09:11:02.386011	2026-04-16 09:11:02.386011	필터 관련 가이드가 필요해요	250	FILTER
1827	2026-04-16 09:11:02.387047	2026-04-16 09:11:02.387047	리모컨 사용법을 알려주세요	250	REMOTE
1828	2026-04-16 09:11:02.387556	2026-04-16 09:11:02.387556	아이스 메이커 사용법이 궁금해요	251	ICE_MAKER
1829	2026-04-16 09:11:02.388591	2026-04-16 09:11:02.388591	온도 설정·조절이 궁금해요	251	TEMPERATURE
1830	2026-04-16 09:11:02.389107	2026-04-16 09:11:02.389107	청소하는 방법을 알려주세요	252	CLEANING
1831	2026-04-16 09:11:02.390134	2026-04-16 09:11:02.390134	사용법을 알고 싶어요	252	USAGE
1832	2026-04-16 09:11:02.390641	2026-04-16 09:11:02.390641	필터 관련 가이드가 필요해요	253	FILTER
1833	2026-04-16 09:11:02.391163	2026-04-16 09:11:02.391163	리모컨 사용법을 알려주세요	253	REMOTE
1834	2026-04-16 09:11:02.392212	2026-04-16 09:11:02.392212	아이스 메이커 사용법이 궁금해요	254	ICE_MAKER
1835	2026-04-16 09:11:02.393232	2026-04-16 09:11:02.393232	온도 설정·조절이 궁금해요	254	TEMPERATURE
1836	2026-04-16 09:11:02.393757	2026-04-16 09:11:02.393757	청소하는 방법을 알려주세요	255	CLEANING
1837	2026-04-16 09:11:02.39479	2026-04-16 09:11:02.39479	사용법을 알고 싶어요	255	USAGE
1838	2026-04-16 09:11:02.395306	2026-04-16 09:11:02.395306	필터 관련 가이드가 필요해요	256	FILTER
1839	2026-04-16 09:11:02.395815	2026-04-16 09:11:02.395815	리모컨 사용법을 알려주세요	256	REMOTE
1840	2026-04-16 09:11:02.396849	2026-04-16 09:11:02.396849	아이스 메이커 사용법이 궁금해요	257	ICE_MAKER
1841	2026-04-16 09:11:02.397364	2026-04-16 09:11:02.397364	온도 설정·조절이 궁금해요	257	TEMPERATURE
1842	2026-04-16 09:11:02.397882	2026-04-16 09:11:02.397882	청소하는 방법을 알려주세요	258	CLEANING
1843	2026-04-16 09:11:02.3989	2026-04-16 09:11:02.3989	사용법을 알고 싶어요	258	USAGE
1844	2026-04-16 09:11:02.399408	2026-04-16 09:11:02.399408	필터 관련 가이드가 필요해요	259	FILTER
1845	2026-04-16 09:11:02.400456	2026-04-16 09:11:02.400456	리모컨 사용법을 알려주세요	259	REMOTE
1846	2026-04-16 09:11:02.400971	2026-04-16 09:11:02.400971	아이스 메이커 사용법이 궁금해요	260	ICE_MAKER
1847	2026-04-16 09:11:02.402053	2026-04-16 09:11:02.402053	온도 설정·조절이 궁금해요	260	TEMPERATURE
1848	2026-04-16 09:11:02.402571	2026-04-16 09:11:02.402571	청소하는 방법을 알려주세요	261	CLEANING
1849	2026-04-16 09:11:02.403597	2026-04-16 09:11:02.403597	사용법을 알고 싶어요	261	USAGE
1850	2026-04-16 09:11:02.404113	2026-04-16 09:11:02.404113	필터 관련 가이드가 필요해요	262	FILTER
1851	2026-04-16 09:11:02.405144	2026-04-16 09:11:02.405144	리모컨 사용법을 알려주세요	262	REMOTE
1852	2026-04-16 09:11:02.405663	2026-04-16 09:11:02.405663	아이스 메이커 사용법이 궁금해요	263	ICE_MAKER
1853	2026-04-16 09:11:02.4067	2026-04-16 09:11:02.4067	온도 설정·조절이 궁금해요	263	TEMPERATURE
1854	2026-04-16 09:11:02.407215	2026-04-16 09:11:02.407215	청소하는 방법을 알려주세요	264	CLEANING
1855	2026-04-16 09:11:02.40826	2026-04-16 09:11:02.40826	사용법을 알고 싶어요	264	USAGE
1856	2026-04-16 09:11:02.409296	2026-04-16 09:11:02.409296	필터 관련 가이드가 필요해요	265	FILTER
1857	2026-04-16 09:11:02.409816	2026-04-16 09:11:02.409816	리모컨 사용법을 알려주세요	265	REMOTE
1858	2026-04-16 09:11:02.410851	2026-04-16 09:11:02.410851	아이스 메이커 사용법이 궁금해요	266	ICE_MAKER
1859	2026-04-16 09:11:02.411359	2026-04-16 09:11:02.411359	온도 설정·조절이 궁금해요	266	TEMPERATURE
1860	2026-04-16 09:11:02.412389	2026-04-16 09:11:02.412389	청소하는 방법을 알려주세요	267	CLEANING
1861	2026-04-16 09:11:02.412897	2026-04-16 09:11:02.412897	사용법을 알고 싶어요	267	USAGE
1862	2026-04-16 09:11:02.413922	2026-04-16 09:11:02.413922	필터 관련 가이드가 필요해요	268	FILTER
1863	2026-04-16 09:11:02.414437	2026-04-16 09:11:02.414437	리모컨 사용법을 알려주세요	268	REMOTE
1864	2026-04-16 09:11:02.414957	2026-04-16 09:11:02.414957	아이스 메이커 사용법이 궁금해요	269	ICE_MAKER
1865	2026-04-16 09:11:02.415983	2026-04-16 09:11:02.415983	온도 설정·조절이 궁금해요	269	TEMPERATURE
1866	2026-04-16 09:11:02.417057	2026-04-16 09:11:02.417057	청소하는 방법을 알려주세요	270	CLEANING
1867	2026-04-16 09:11:02.41765	2026-04-16 09:11:02.41765	사용법을 알고 싶어요	270	USAGE
1868	2026-04-16 09:11:02.418677	2026-04-16 09:11:02.418677	필터 관련 가이드가 필요해요	271	FILTER
1869	2026-04-16 09:11:02.419193	2026-04-16 09:11:02.419193	리모컨 사용법을 알려주세요	271	REMOTE
1870	2026-04-16 09:11:02.420227	2026-04-16 09:11:02.420227	아이스 메이커 사용법이 궁금해요	272	ICE_MAKER
1871	2026-04-16 09:11:02.420738	2026-04-16 09:11:02.420738	온도 설정·조절이 궁금해요	272	TEMPERATURE
1872	2026-04-16 09:11:02.421249	2026-04-16 09:11:02.421249	청소하는 방법을 알려주세요	273	CLEANING
1873	2026-04-16 09:11:02.42227	2026-04-16 09:11:02.42227	사용법을 알고 싶어요	273	USAGE
1874	2026-04-16 09:11:02.423313	2026-04-16 09:11:02.423313	필터 관련 가이드가 필요해요	274	FILTER
1875	2026-04-16 09:11:02.423821	2026-04-16 09:11:02.423821	리모컨 사용법을 알려주세요	274	REMOTE
1876	2026-04-16 09:11:02.424864	2026-04-16 09:11:02.424864	아이스 메이커 사용법이 궁금해요	275	ICE_MAKER
1877	2026-04-16 09:11:02.42642	2026-04-16 09:11:02.42642	온도 설정·조절이 궁금해요	275	TEMPERATURE
1878	2026-04-16 09:11:02.426928	2026-04-16 09:11:02.426928	청소하는 방법을 알려주세요	276	CLEANING
1879	2026-04-16 09:11:02.427445	2026-04-16 09:11:02.427445	사용법을 알고 싶어요	276	USAGE
1880	2026-04-16 09:11:02.428472	2026-04-16 09:11:02.428472	필터 관련 가이드가 필요해요	277	FILTER
1881	2026-04-16 09:11:02.428986	2026-04-16 09:11:02.428986	리모컨 사용법을 알려주세요	277	REMOTE
1882	2026-04-16 09:11:02.430015	2026-04-16 09:11:02.430015	아이스 메이커 사용법이 궁금해요	278	ICE_MAKER
1883	2026-04-16 09:11:02.430531	2026-04-16 09:11:02.430531	온도 설정·조절이 궁금해요	278	TEMPERATURE
1884	2026-04-16 09:11:02.431559	2026-04-16 09:11:02.431559	청소하는 방법을 알려주세요	279	CLEANING
1885	2026-04-16 09:11:02.432077	2026-04-16 09:11:02.432077	사용법을 알고 싶어요	279	USAGE
1886	2026-04-16 09:11:02.433147	2026-04-16 09:11:02.433147	필터 관련 가이드가 필요해요	280	FILTER
1887	2026-04-16 09:11:02.433666	2026-04-16 09:11:02.433666	리모컨 사용법을 알려주세요	280	REMOTE
1888	2026-04-16 09:11:02.434694	2026-04-16 09:11:02.434694	아이스 메이커 사용법이 궁금해요	281	ICE_MAKER
1889	2026-04-16 09:11:02.435227	2026-04-16 09:11:02.435227	온도 설정·조절이 궁금해요	281	TEMPERATURE
1890	2026-04-16 09:11:02.436247	2026-04-16 09:11:02.436247	청소하는 방법을 알려주세요	282	CLEANING
1891	2026-04-16 09:11:02.436769	2026-04-16 09:11:02.436769	사용법을 알고 싶어요	282	USAGE
1892	2026-04-16 09:11:02.437793	2026-04-16 09:11:02.437793	필터 관련 가이드가 필요해요	283	FILTER
1893	2026-04-16 09:11:02.43831	2026-04-16 09:11:02.43831	리모컨 사용법을 알려주세요	283	REMOTE
1894	2026-04-16 09:11:02.440378	2026-04-16 09:11:02.440378	아이스 메이커 사용법이 궁금해요	284	ICE_MAKER
1895	2026-04-16 09:11:02.441406	2026-04-16 09:11:02.441406	온도 설정·조절이 궁금해요	284	TEMPERATURE
1896	2026-04-16 09:11:02.443014	2026-04-16 09:11:02.443014	청소하는 방법을 알려주세요	285	CLEANING
1897	2026-04-16 09:11:02.444056	2026-04-16 09:11:02.444056	사용법을 알고 싶어요	285	USAGE
1898	2026-04-16 09:11:02.445071	2026-04-16 09:11:02.445071	필터 관련 가이드가 필요해요	286	FILTER
1899	2026-04-16 09:11:02.4461	2026-04-16 09:11:02.4461	리모컨 사용법을 알려주세요	286	REMOTE
1900	2026-04-16 09:11:02.447132	2026-04-16 09:11:02.447132	아이스 메이커 사용법이 궁금해요	287	ICE_MAKER
1901	2026-04-16 09:11:02.448243	2026-04-16 09:11:02.448243	온도 설정·조절이 궁금해요	287	TEMPERATURE
1902	2026-04-16 09:11:02.448751	2026-04-16 09:11:02.448751	청소하는 방법을 알려주세요	288	CLEANING
1903	2026-04-16 09:11:02.44979	2026-04-16 09:11:02.44979	사용법을 알고 싶어요	288	USAGE
1904	2026-04-16 09:11:02.450306	2026-04-16 09:11:02.450306	필터 관련 가이드가 필요해요	289	FILTER
1905	2026-04-16 09:11:02.450822	2026-04-16 09:11:02.450822	리모컨 사용법을 알려주세요	289	REMOTE
1906	2026-04-16 09:11:02.451856	2026-04-16 09:11:02.451856	아이스 메이커 사용법이 궁금해요	290	ICE_MAKER
1907	2026-04-16 09:11:02.452904	2026-04-16 09:11:02.452904	온도 설정·조절이 궁금해요	290	TEMPERATURE
1908	2026-04-16 09:11:02.453938	2026-04-16 09:11:02.453938	청소하는 방법을 알려주세요	291	CLEANING
1909	2026-04-16 09:11:02.454454	2026-04-16 09:11:02.454454	사용법을 알고 싶어요	291	USAGE
1910	2026-04-16 09:11:02.45496	2026-04-16 09:11:02.45496	필터 관련 가이드가 필요해요	292	FILTER
1911	2026-04-16 09:11:02.455986	2026-04-16 09:11:02.455986	리모컨 사용법을 알려주세요	292	REMOTE
1912	2026-04-16 09:11:02.456506	2026-04-16 09:11:02.456506	아이스 메이커 사용법이 궁금해요	293	ICE_MAKER
1913	2026-04-16 09:11:02.457543	2026-04-16 09:11:02.457543	온도 설정·조절이 궁금해요	293	TEMPERATURE
1914	2026-04-16 09:11:02.458581	2026-04-16 09:11:02.458581	청소하는 방법을 알려주세요	294	CLEANING
1915	2026-04-16 09:11:02.459162	2026-04-16 09:11:02.459162	사용법을 알고 싶어요	294	USAGE
1916	2026-04-16 09:11:02.460195	2026-04-16 09:11:02.460195	필터 관련 가이드가 필요해요	295	FILTER
1917	2026-04-16 09:11:02.46122	2026-04-16 09:11:02.46122	리모컨 사용법을 알려주세요	295	REMOTE
1918	2026-04-16 09:11:02.461729	2026-04-16 09:11:02.461729	아이스 메이커 사용법이 궁금해요	296	ICE_MAKER
1919	2026-04-16 09:11:02.463403	2026-04-16 09:11:02.463403	온도 설정·조절이 궁금해요	296	TEMPERATURE
1920	2026-04-16 09:11:02.463917	2026-04-16 09:11:02.463917	청소하는 방법을 알려주세요	297	CLEANING
1921	2026-04-16 09:11:02.465458	2026-04-16 09:11:02.465458	사용법을 알고 싶어요	297	USAGE
1922	2026-04-16 09:11:02.465968	2026-04-16 09:11:02.465968	필터 관련 가이드가 필요해요	298	FILTER
1923	2026-04-16 09:11:02.466995	2026-04-16 09:11:02.466995	리모컨 사용법을 알려주세요	298	REMOTE
1924	2026-04-16 09:11:02.468034	2026-04-16 09:11:02.468034	아이스 메이커 사용법이 궁금해요	299	ICE_MAKER
1925	2026-04-16 09:11:02.469061	2026-04-16 09:11:02.469061	온도 설정·조절이 궁금해요	299	TEMPERATURE
1926	2026-04-16 09:11:02.470089	2026-04-16 09:11:02.470089	청소하는 방법을 알려주세요	300	CLEANING
1927	2026-04-16 09:11:02.470603	2026-04-16 09:11:02.470603	사용법을 알고 싶어요	300	USAGE
1928	2026-04-16 09:11:02.47163	2026-04-16 09:11:02.47163	필터 관련 가이드가 필요해요	301	FILTER
1929	2026-04-16 09:11:02.472647	2026-04-16 09:11:02.472647	리모컨 사용법을 알려주세요	301	REMOTE
1930	2026-04-16 09:11:02.473168	2026-04-16 09:11:02.473168	아이스 메이커 사용법이 궁금해요	302	ICE_MAKER
1931	2026-04-16 09:11:02.474199	2026-04-16 09:11:02.474199	온도 설정·조절이 궁금해요	302	TEMPERATURE
1932	2026-04-16 09:11:02.47471	2026-04-16 09:11:02.47471	청소하는 방법을 알려주세요	303	CLEANING
1933	2026-04-16 09:11:02.475732	2026-04-16 09:11:02.475732	사용법을 알고 싶어요	303	USAGE
1934	2026-04-16 09:11:02.476751	2026-04-16 09:11:02.476751	필터 관련 가이드가 필요해요	304	FILTER
1935	2026-04-16 09:11:02.47727	2026-04-16 09:11:02.47727	리모컨 사용법을 알려주세요	304	REMOTE
1936	2026-04-16 09:11:02.478483	2026-04-16 09:11:02.478483	아이스 메이커 사용법이 궁금해요	305	ICE_MAKER
1937	2026-04-16 09:11:02.479001	2026-04-16 09:11:02.479001	온도 설정·조절이 궁금해요	305	TEMPERATURE
1938	2026-04-16 09:11:02.480024	2026-04-16 09:11:02.480024	청소하는 방법을 알려주세요	306	CLEANING
1939	2026-04-16 09:11:02.480549	2026-04-16 09:11:02.480549	사용법을 알고 싶어요	306	USAGE
1940	2026-04-16 09:11:02.481066	2026-04-16 09:11:02.481066	필터 관련 가이드가 필요해요	307	FILTER
1941	2026-04-16 09:11:02.482092	2026-04-16 09:11:02.482092	리모컨 사용법을 알려주세요	307	REMOTE
1942	2026-04-16 09:11:02.48261	2026-04-16 09:11:02.48261	아이스 메이커 사용법이 궁금해요	308	ICE_MAKER
1943	2026-04-16 09:11:02.483119	2026-04-16 09:11:02.483119	온도 설정·조절이 궁금해요	308	TEMPERATURE
1944	2026-04-16 09:11:02.484152	2026-04-16 09:11:02.484152	청소하는 방법을 알려주세요	309	CLEANING
1945	2026-04-16 09:11:02.484685	2026-04-16 09:11:02.484685	사용법을 알고 싶어요	309	USAGE
1946	2026-04-16 09:11:02.485202	2026-04-16 09:11:02.485202	필터 관련 가이드가 필요해요	310	FILTER
1947	2026-04-16 09:11:02.486225	2026-04-16 09:11:02.486225	리모컨 사용법을 알려주세요	310	REMOTE
1948	2026-04-16 09:11:02.486759	2026-04-16 09:11:02.486759	아이스 메이커 사용법이 궁금해요	311	ICE_MAKER
1949	2026-04-16 09:11:02.487808	2026-04-16 09:11:02.487808	온도 설정·조절이 궁금해요	311	TEMPERATURE
1950	2026-04-16 09:11:02.488325	2026-04-16 09:11:02.488325	청소하는 방법을 알려주세요	312	CLEANING
1951	2026-04-16 09:11:02.488841	2026-04-16 09:11:02.488841	사용법을 알고 싶어요	312	USAGE
1952	2026-04-16 09:11:02.489869	2026-04-16 09:11:02.489869	필터 관련 가이드가 필요해요	313	FILTER
1953	2026-04-16 09:11:02.490392	2026-04-16 09:11:02.490392	리모컨 사용법을 알려주세요	313	REMOTE
1954	2026-04-16 09:11:02.490901	2026-04-16 09:11:02.490901	아이스 메이커 사용법이 궁금해요	314	ICE_MAKER
1955	2026-04-16 09:11:02.491946	2026-04-16 09:11:02.491946	온도 설정·조절이 궁금해요	314	TEMPERATURE
1956	2026-04-16 09:11:02.49303	2026-04-16 09:11:02.49303	청소하는 방법을 알려주세요	315	CLEANING
1957	2026-04-16 09:11:02.493553	2026-04-16 09:11:02.493553	사용법을 알고 싶어요	315	USAGE
1958	2026-04-16 09:11:02.494598	2026-04-16 09:11:02.494598	필터 관련 가이드가 필요해요	316	FILTER
1959	2026-04-16 09:11:02.49512	2026-04-16 09:11:02.49512	리모컨 사용법을 알려주세요	316	REMOTE
1960	2026-04-16 09:11:02.495635	2026-04-16 09:11:02.495635	아이스 메이커 사용법이 궁금해요	317	ICE_MAKER
1961	2026-04-16 09:11:02.496653	2026-04-16 09:11:02.496653	온도 설정·조절이 궁금해요	317	TEMPERATURE
1962	2026-04-16 09:11:02.497183	2026-04-16 09:11:02.497183	청소하는 방법을 알려주세요	318	CLEANING
1963	2026-04-16 09:11:02.497702	2026-04-16 09:11:02.497702	사용법을 알고 싶어요	318	USAGE
1964	2026-04-16 09:11:02.498727	2026-04-16 09:11:02.498727	필터 관련 가이드가 필요해요	319	FILTER
1965	2026-04-16 09:11:02.499257	2026-04-16 09:11:02.499257	리모컨 사용법을 알려주세요	319	REMOTE
1966	2026-04-16 09:11:02.499775	2026-04-16 09:11:02.499775	아이스 메이커 사용법이 궁금해요	320	ICE_MAKER
1967	2026-04-16 09:11:02.500818	2026-04-16 09:11:02.500818	온도 설정·조절이 궁금해요	320	TEMPERATURE
1968	2026-04-16 09:11:02.501326	2026-04-16 09:11:02.501326	청소하는 방법을 알려주세요	321	CLEANING
1969	2026-04-16 09:11:02.501844	2026-04-16 09:11:02.501844	사용법을 알고 싶어요	321	USAGE
1970	2026-04-16 09:11:02.502361	2026-04-16 09:11:02.502361	필터 관련 가이드가 필요해요	322	FILTER
1971	2026-04-16 09:11:02.503386	2026-04-16 09:11:02.503386	리모컨 사용법을 알려주세요	322	REMOTE
1972	2026-04-16 09:11:02.503903	2026-04-16 09:11:02.503903	아이스 메이커 사용법이 궁금해요	323	ICE_MAKER
1973	2026-04-16 09:11:02.504419	2026-04-16 09:11:02.504419	온도 설정·조절이 궁금해요	323	TEMPERATURE
1974	2026-04-16 09:11:02.504934	2026-04-16 09:11:02.504934	청소하는 방법을 알려주세요	324	CLEANING
1975	2026-04-16 09:11:02.505956	2026-04-16 09:11:02.505956	사용법을 알고 싶어요	324	USAGE
1976	2026-04-16 09:11:02.506474	2026-04-16 09:11:02.506474	필터 관련 가이드가 필요해요	325	FILTER
1977	2026-04-16 09:11:02.506981	2026-04-16 09:11:02.506981	리모컨 사용법을 알려주세요	325	REMOTE
1978	2026-04-16 09:11:02.508015	2026-04-16 09:11:02.508015	아이스 메이커 사용법이 궁금해요	326	ICE_MAKER
1979	2026-04-16 09:11:02.509146	2026-04-16 09:11:02.509146	온도 설정·조절이 궁금해요	326	TEMPERATURE
1980	2026-04-16 09:11:02.509661	2026-04-16 09:11:02.509661	청소하는 방법을 알려주세요	327	CLEANING
1981	2026-04-16 09:11:02.510178	2026-04-16 09:11:02.510178	사용법을 알고 싶어요	327	USAGE
\.


--
-- Data for Name: manuals; Type: TABLE DATA; Schema: public; Owner: postgres
--

COPY public.manuals (id, created_at, updated_at, covered_model_names, manual_code, product_type, qr_code_url, representative_model_name) FROM stdin;
1	2026-04-07 06:37:20.91685	2026-04-07 06:37:20.91685	SQ06EJ1WES, SQ06EJ1WAS, SQ06EJ1WCS, SQ06EJ1WAJ, SQ07EJ3WES, SQ07EJ1WBS, SQ07EJ1WCS, SQ09EJ1WAS, SQ09EJ1WES, SQ11EJ1WES, SQ06EJ1WEN	GMDS_MFL71890611_05_250625_00_WEB	에어컨	/uploads/qr/dummy_qr_code.png	휘센 벽걸이 에어컨
6	2026-04-14 08:00:57.872212	2026-04-14 08:00:57.872212	FX25WSQX, FX25WSQ-KW, FX25ESER, FX25GSGR, FX25ENR, FX25GNR	WM_KOR_MFL71792815_11_251204_00_OM_WEB	세탁기	\N	엘지 트롬 세탁기
7	2026-04-14 08:00:57.872212	2026-04-14 08:00:57.872212	S836P022, S836MQQ012, S836MRQ032, S836MEQ032, S836MTE032	REF_KOR_MFL71401523_00_250731_00_OM_WEB	냉장고	\N	엘지 디오스 양문형 냉장고
8	2026-04-15 14:17:00.766678	2026-04-15 14:17:00.766678	\N	GMDS_AC_999	에어컨	\N	LG 휘센 벽걸이/천장형
9	2026-04-15 14:17:00.766678	2026-04-15 14:17:00.766678	\N	WM_KOR_999	세탁기	\N	LG 트롬 드럼세탁기
10	2026-04-15 14:17:00.766678	2026-04-15 14:17:00.766678	\N	REF_KOR_999	냉장고	\N	LG 디오스 양문형
\.


--
-- Data for Name: models; Type: TABLE DATA; Schema: public; Owner: postgres
--

COPY public.models (id, name, qr_code_url, manual_id, product_type) FROM stdin;
1	SQ06EJ1WES	/uploads/qr/qr_a449a8dd-cc0b-40fa-bb6a-0b526a5dbe9f.png	1	에어컨
2	SQ06EJ1WAS	/uploads/qr/qr_7e4c62dc-3ca8-40a1-96a8-8db57a880eb3.png	1	에어컨
3	SQ06EJ1WCS	/uploads/qr/qr_e4475ce0-743d-479c-aa8e-b6c02ed847a5.png	1	에어컨
4	SQ06EJ1WAJ	/uploads/qr/qr_44372f48-00c9-4f31-9b05-31ae1441d016.png	1	에어컨
5	SQ07EJ3WES	/uploads/qr/qr_98be1079-79e2-437e-927c-81ff2319fb2b.png	1	에어컨
6	SQ07EJ1WBS	/uploads/qr/qr_25349f7b-ac88-456f-8c37-b2544ee957be.png	1	에어컨
7	SQ07EJ1WCS	/uploads/qr/qr_d546bf6b-7972-4cde-b0c9-0379067b402b.png	1	에어컨
8	SQ09EJ1WAS	/uploads/qr/qr_4f2a98b1-5165-44f2-997b-568cc85dfd4a.png	1	에어컨
9	SQ09EJ1WES	/uploads/qr/qr_9dd3e59b-79ea-4faa-884f-c064b40ac0c3.png	1	에어컨
10	SQ11EJ1WES	/uploads/qr/qr_762f13fc-4e24-4fa6-8b29-d5d061198696.png	1	에어컨
11	SQ06EJ1WEN	/uploads/qr/qr_dfe9dc67-5569-46c8-90a2-ea87e958d145.png	1	에어컨
12	FX25WSQX	/uploads/qr/qr_9cd4b71d-2424-4fdc-8705-35b933b34ff1.png	6	세탁기
13	FX25WSQ-KW	/uploads/qr/qr_e13ccebb-0d56-46c6-90b0-1d7d60bed890.png	6	세탁기
14	FX25ESER	/uploads/qr/qr_74dbdbfe-99fc-413a-838d-971ae69465f0.png	6	세탁기
15	FX25GSGR	/uploads/qr/qr_255dbbe1-481f-4d31-a51a-e8c41c03f509.png	6	세탁기
16	FX25ENR	/uploads/qr/qr_ecad84cc-8c40-4ea4-b9a1-c57f1ecd232e.png	6	세탁기
17	FX25GNR	/uploads/qr/qr_4d76a64a-91b9-4b7b-8c70-d8fec601b1c2.png	6	세탁기
18	S836P022	/uploads/qr/qr_c9bad778-b0d6-4b3e-bc0b-3e21b3d9000f.png	7	냉장고
19	S836MQQ012	/uploads/qr/qr_36eee04a-7ec3-493b-bfba-8c2c5c54cf0a.png	7	냉장고
20	S836MRQ032	/uploads/qr/qr_e9938ffd-0906-4981-88cd-35233ca676b4.png	7	냉장고
21	S836MEQ032	/uploads/qr/qr_c83b3589-05b2-44e7-ae6c-ad97f9000b14.png	7	냉장고
22	S836MTE032	/uploads/qr/qr_aae5d05e-3603-4371-bd57-0cb90648c149.png	7	냉장고
\.


--
-- Data for Name: user_devices; Type: TABLE DATA; Schema: public; Owner: postgres
--

COPY public.user_devices (id, created_at, updated_at, alias, manual_id, user_id, status) FROM stdin;
5	2026-04-10 16:58:22.420631	2026-04-10 16:58:22.420631	SQ07EJ1WBS	1	4	ACTIVE
6	2026-04-10 16:59:22.024286	2026-04-10 16:59:22.024286	SQ09EJ1WAS	1	4	ACTIVE
7	2026-04-10 17:01:12.066884	2026-04-10 17:01:12.066884	SQ09EJ1WAS	1	4	ACTIVE
8	2026-04-11 12:20:54.02184	2026-04-11 12:20:54.02184	SQ09EJ1WES	1	4	ACTIVE
9	2026-04-11 12:46:01.048266	2026-04-11 12:46:01.048266	SQ06EJ1WCS	1	4	ACTIVE
1	2026-04-10 15:02:59.278278	2026-04-11 17:04:07.976531	SQ06EJ1WES	1	1	DELETED
2	2026-04-10 16:05:52.295314	2026-04-11 17:04:12.359347	SQ07EJ1WCS	1	1	DELETED
3	2026-04-10 16:06:55.019286	2026-04-11 17:04:16.932301	SQ06EJ1WEN	1	1	DELETED
4	2026-04-10 16:53:15.576294	2026-04-11 17:04:21.460086	SQ06EJ1WEN	1	1	DELETED
10	2026-04-11 13:17:59.53134	2026-04-11 17:04:26.66647	SQ06EJ1WEN	1	1	DELETED
11	2026-04-11 16:45:20.895842	2026-04-11 17:04:30.157785	SQ06EJ1WES	1	1	DELETED
12	2026-04-11 17:12:24.092184	2026-04-14 08:33:07.853145	SQ06EJ1WES	1	1	DELETED
13	2026-04-11 17:39:41.726612	2026-04-14 08:33:11.982298	SQ07EJ1WBS	1	1	DELETED
50	2026-04-16 08:42:44.873559	2026-04-16 08:42:44.873559	S836P022	7	12	ACTIVE
51	2026-04-16 08:42:44.877157	2026-04-16 08:42:44.877157	FX25WSQX	6	12	ACTIVE
52	2026-04-16 08:42:44.882002	2026-04-16 08:42:44.882002	SQ06EJ1WES	1	13	ACTIVE
53	2026-04-16 08:42:44.886651	2026-04-16 08:42:44.886651	S836P022	7	13	ACTIVE
54	2026-04-16 08:42:44.890283	2026-04-16 08:42:44.890283	FX25WSQX	6	13	ACTIVE
55	2026-04-16 08:42:44.896324	2026-04-16 08:42:44.896324	SQ06EJ1WES	1	14	ACTIVE
56	2026-04-16 08:42:44.901559	2026-04-16 08:42:44.901559	S836P022	7	14	ACTIVE
57	2026-04-16 08:42:44.905221	2026-04-16 08:42:44.905221	FX25WSQX	6	14	ACTIVE
58	2026-04-16 08:42:44.909383	2026-04-16 08:42:44.909383	SQ06EJ1WES	1	15	ACTIVE
59	2026-04-16 08:42:44.913742	2026-04-16 08:42:44.913742	S836P022	7	15	ACTIVE
14	2026-04-14 08:33:33.596103	2026-04-15 15:11:30.383492	내 기기	1	1	DELETED
24	2026-04-15 14:17:00.766678	2026-04-15 15:11:37.438547	주방 냉장고	10	1	DELETED
23	2026-04-15 14:17:00.766678	2026-04-15 15:11:41.953476	베란다 세탁기	9	1	DELETED
22	2026-04-15 14:17:00.766678	2026-04-15 15:11:46.074007	거실 에어컨	8	1	DELETED
21	2026-04-15 13:10:19.689999	2026-04-15 15:11:49.937239	거대 냉장고	7	1	DELETED
20	2026-04-15 13:00:45.007278	2026-04-15 15:11:53.601817	테스트하자 엉엉엉	1	1	DELETED
19	2026-04-15 09:06:17.538542	2026-04-15 15:11:57.872054	거대한 세탁기	6	1	DELETED
18	2026-04-15 09:03:39.478014	2026-04-15 15:12:01.517722	S836MTE032	7	1	DELETED
17	2026-04-14 17:09:12.021392	2026-04-15 15:12:05.174135	이승은 세탁기 테스트	6	1	DELETED
16	2026-04-14 17:08:04.476832	2026-04-15 15:12:08.36553	이승은 냉장고 테스트	7	1	DELETED
15	2026-04-14 15:24:21.09777	2026-04-15 15:12:13.05075	베이컨이 되고 싶은 에어컨	1	1	DELETED
28	2026-04-16 08:42:44.779768	2026-04-16 08:42:44.779768	SQ06EJ1WES	1	5	ACTIVE
29	2026-04-16 08:42:44.785944	2026-04-16 08:42:44.785944	S836P022	7	5	ACTIVE
30	2026-04-16 08:42:44.790146	2026-04-16 08:42:44.790146	FX25WSQX	6	5	ACTIVE
31	2026-04-16 08:42:44.794879	2026-04-16 08:42:44.794879	SQ06EJ1WES	1	6	ACTIVE
32	2026-04-16 08:42:44.799004	2026-04-16 08:42:44.799004	S836P022	7	6	ACTIVE
33	2026-04-16 08:42:44.803703	2026-04-16 08:42:44.803703	FX25WSQX	6	6	ACTIVE
34	2026-04-16 08:42:44.809382	2026-04-16 08:42:44.809382	SQ06EJ1WES	1	7	ACTIVE
35	2026-04-16 08:42:44.812974	2026-04-16 08:42:44.812974	S836P022	7	7	ACTIVE
36	2026-04-16 08:42:44.816675	2026-04-16 08:42:44.816675	FX25WSQX	6	7	ACTIVE
37	2026-04-16 08:42:44.821402	2026-04-16 08:42:44.821402	SQ06EJ1WES	1	8	ACTIVE
38	2026-04-16 08:42:44.825551	2026-04-16 08:42:44.825551	S836P022	7	8	ACTIVE
39	2026-04-16 08:42:44.830189	2026-04-16 08:42:44.830189	FX25WSQX	6	8	ACTIVE
40	2026-04-16 08:42:44.836538	2026-04-16 08:42:44.836538	SQ06EJ1WES	1	9	ACTIVE
41	2026-04-16 08:42:44.839689	2026-04-16 08:42:44.839689	S836P022	7	9	ACTIVE
42	2026-04-16 08:42:44.843337	2026-04-16 08:42:44.843337	FX25WSQX	6	9	ACTIVE
43	2026-04-16 08:42:44.847577	2026-04-16 08:42:44.847577	SQ06EJ1WES	1	10	ACTIVE
44	2026-04-16 08:42:44.851219	2026-04-16 08:42:44.851219	S836P022	7	10	ACTIVE
45	2026-04-16 08:42:44.854327	2026-04-16 08:42:44.854327	FX25WSQX	6	10	ACTIVE
46	2026-04-16 08:42:44.858968	2026-04-16 08:42:44.858968	SQ06EJ1WES	1	11	ACTIVE
47	2026-04-16 08:42:44.862073	2026-04-16 08:42:44.862073	S836P022	7	11	ACTIVE
48	2026-04-16 08:42:44.865778	2026-04-16 08:42:44.865778	FX25WSQX	6	11	ACTIVE
49	2026-04-16 08:42:44.869905	2026-04-16 08:42:44.869905	SQ06EJ1WES	1	12	ACTIVE
60	2026-04-16 08:42:44.917366	2026-04-16 08:42:44.917366	FX25WSQX	6	15	ACTIVE
61	2026-04-16 08:42:44.921489	2026-04-16 08:42:44.921489	SQ06EJ1WES	1	16	ACTIVE
62	2026-04-16 08:42:44.92574	2026-04-16 08:42:44.92574	S836P022	7	16	ACTIVE
63	2026-04-16 08:42:44.930178	2026-04-16 08:42:44.930178	FX25WSQX	6	16	ACTIVE
64	2026-04-16 08:42:44.934302	2026-04-16 08:42:44.934302	SQ06EJ1WES	1	17	ACTIVE
65	2026-04-16 08:42:44.937381	2026-04-16 08:42:44.937381	S836P022	7	17	ACTIVE
66	2026-04-16 08:42:44.94107	2026-04-16 08:42:44.94107	FX25WSQX	6	17	ACTIVE
67	2026-04-16 08:42:44.944718	2026-04-16 08:42:44.944718	SQ06EJ1WES	1	18	ACTIVE
68	2026-04-16 08:42:44.947302	2026-04-16 08:42:44.947302	S836P022	7	18	ACTIVE
69	2026-04-16 08:42:44.950032	2026-04-16 08:42:44.950032	FX25WSQX	6	18	ACTIVE
70	2026-04-16 08:42:44.953646	2026-04-16 08:42:44.953646	SQ06EJ1WES	1	19	ACTIVE
71	2026-04-16 08:42:44.956274	2026-04-16 08:42:44.956274	S836P022	7	19	ACTIVE
72	2026-04-16 08:42:44.95887	2026-04-16 08:42:44.95887	FX25WSQX	6	19	ACTIVE
73	2026-04-16 08:42:44.962922	2026-04-16 08:42:44.962922	SQ06EJ1WES	1	20	ACTIVE
74	2026-04-16 08:42:44.966558	2026-04-16 08:42:44.966558	S836P022	7	20	ACTIVE
75	2026-04-16 08:42:44.969656	2026-04-16 08:42:44.969656	FX25WSQX	6	20	ACTIVE
76	2026-04-16 08:42:44.973321	2026-04-16 08:42:44.973321	SQ06EJ1WES	1	21	ACTIVE
77	2026-04-16 08:42:44.976416	2026-04-16 08:42:44.976416	S836P022	7	21	ACTIVE
78	2026-04-16 08:42:44.979497	2026-04-16 08:42:44.979497	FX25WSQX	6	21	ACTIVE
79	2026-04-16 08:42:44.983107	2026-04-16 08:42:44.983107	SQ06EJ1WES	1	22	ACTIVE
80	2026-04-16 08:42:44.9862	2026-04-16 08:42:44.9862	S836P022	7	22	ACTIVE
81	2026-04-16 08:42:44.989316	2026-04-16 08:42:44.989316	FX25WSQX	6	22	ACTIVE
82	2026-04-16 08:42:44.993434	2026-04-16 08:42:44.993434	SQ06EJ1WES	1	23	ACTIVE
83	2026-04-16 08:42:44.997029	2026-04-16 08:42:44.997029	S836P022	7	23	ACTIVE
84	2026-04-16 08:42:45.000126	2026-04-16 08:42:45.000126	FX25WSQX	6	23	ACTIVE
85	2026-04-16 08:42:45.003764	2026-04-16 08:42:45.003764	SQ06EJ1WES	1	24	ACTIVE
86	2026-04-16 08:42:45.008017	2026-04-16 08:42:45.008017	S836P022	7	24	ACTIVE
87	2026-04-16 08:42:45.011669	2026-04-16 08:42:45.011669	FX25WSQX	6	24	ACTIVE
88	2026-04-16 08:42:45.014758	2026-04-16 08:42:45.014758	SQ06EJ1WES	1	25	ACTIVE
89	2026-04-16 08:42:45.018007	2026-04-16 08:42:45.018007	S836P022	7	25	ACTIVE
90	2026-04-16 08:42:45.019514	2026-04-16 08:42:45.019514	FX25WSQX	6	25	ACTIVE
91	2026-04-16 08:42:45.02308	2026-04-16 08:42:45.02308	SQ06EJ1WES	1	26	ACTIVE
92	2026-04-16 08:42:45.027293	2026-04-16 08:42:45.027293	S836P022	7	26	ACTIVE
93	2026-04-16 08:42:45.030421	2026-04-16 08:42:45.030421	FX25WSQX	6	26	ACTIVE
94	2026-04-16 08:42:45.034201	2026-04-16 08:42:45.034201	SQ06EJ1WES	1	27	ACTIVE
95	2026-04-16 08:42:45.037166	2026-04-16 08:42:45.037166	S836P022	7	27	ACTIVE
96	2026-04-16 08:42:45.03974	2026-04-16 08:42:45.03974	FX25WSQX	6	27	ACTIVE
97	2026-04-16 08:42:45.043335	2026-04-16 08:42:45.043335	SQ06EJ1WES	1	28	ACTIVE
98	2026-04-16 08:42:45.045921	2026-04-16 08:42:45.045921	S836P022	7	28	ACTIVE
99	2026-04-16 08:42:45.049037	2026-04-16 08:42:45.049037	FX25WSQX	6	28	ACTIVE
100	2026-04-16 08:42:45.052605	2026-04-16 08:42:45.052605	SQ06EJ1WES	1	29	ACTIVE
101	2026-04-16 08:42:45.055181	2026-04-16 08:42:45.055181	S836P022	7	29	ACTIVE
102	2026-04-16 08:42:45.058809	2026-04-16 08:42:45.058809	FX25WSQX	6	29	ACTIVE
103	2026-04-16 08:42:45.064096	2026-04-16 08:42:45.064096	SQ06EJ1WES	1	30	ACTIVE
104	2026-04-16 08:42:45.068298	2026-04-16 08:42:45.068298	S836P022	7	30	ACTIVE
105	2026-04-16 08:42:45.072337	2026-04-16 08:42:45.072337	FX25WSQX	6	30	ACTIVE
106	2026-04-16 08:42:45.07597	2026-04-16 08:42:45.07597	SQ06EJ1WES	1	31	ACTIVE
107	2026-04-16 08:42:45.07923	2026-04-16 08:42:45.07923	S836P022	7	31	ACTIVE
108	2026-04-16 08:42:45.081904	2026-04-16 08:42:45.081904	FX25WSQX	6	31	ACTIVE
109	2026-04-16 08:42:45.086055	2026-04-16 08:42:45.086055	SQ06EJ1WES	1	32	ACTIVE
110	2026-04-16 08:42:45.089135	2026-04-16 08:42:45.089135	S836P022	7	32	ACTIVE
111	2026-04-16 08:42:45.091862	2026-04-16 08:42:45.091862	FX25WSQX	6	32	ACTIVE
112	2026-04-16 08:42:45.09612	2026-04-16 08:42:45.09612	SQ06EJ1WES	1	33	ACTIVE
113	2026-04-16 08:42:45.099288	2026-04-16 08:42:45.099288	S836P022	7	33	ACTIVE
114	2026-04-16 08:42:45.102397	2026-04-16 08:42:45.102397	FX25WSQX	6	33	ACTIVE
115	2026-04-16 08:42:45.106018	2026-04-16 08:42:45.106018	SQ06EJ1WES	1	34	ACTIVE
116	2026-04-16 08:42:45.110238	2026-04-16 08:42:45.110238	S836P022	7	34	ACTIVE
117	2026-04-16 08:42:45.113869	2026-04-16 08:42:45.113869	FX25WSQX	6	34	ACTIVE
118	2026-04-16 08:42:45.117479	2026-04-16 08:42:45.117479	SQ06EJ1WES	1	35	ACTIVE
119	2026-04-16 08:42:45.12056	2026-04-16 08:42:45.12056	S836P022	7	35	ACTIVE
120	2026-04-16 08:42:45.125971	2026-04-16 08:42:45.125971	FX25WSQX	6	35	ACTIVE
121	2026-04-16 08:42:45.130126	2026-04-16 08:42:45.130126	SQ06EJ1WES	1	36	ACTIVE
122	2026-04-16 08:42:45.133225	2026-04-16 08:42:45.133225	S836P022	7	36	ACTIVE
123	2026-04-16 08:42:45.135792	2026-04-16 08:42:45.135792	FX25WSQX	6	36	ACTIVE
124	2026-04-16 08:42:45.138873	2026-04-16 08:42:45.138873	SQ06EJ1WES	1	37	ACTIVE
125	2026-04-16 08:42:45.141996	2026-04-16 08:42:45.141996	S836P022	7	37	ACTIVE
126	2026-04-16 08:42:45.145004	2026-04-16 08:42:45.145004	FX25WSQX	6	37	ACTIVE
127	2026-04-16 08:42:45.147511	2026-04-16 08:42:45.147511	SQ06EJ1WES	1	38	ACTIVE
128	2026-04-16 08:42:45.15103	2026-04-16 08:42:45.15103	S836P022	7	38	ACTIVE
129	2026-04-16 08:42:45.153609	2026-04-16 08:42:45.153609	FX25WSQX	6	38	ACTIVE
130	2026-04-16 08:42:45.157809	2026-04-16 08:42:45.157809	SQ06EJ1WES	1	39	ACTIVE
131	2026-04-16 08:42:45.160899	2026-04-16 08:42:45.160899	S836P022	7	39	ACTIVE
132	2026-04-16 08:42:45.16346	2026-04-16 08:42:45.16346	FX25WSQX	6	39	ACTIVE
133	2026-04-16 08:42:45.167071	2026-04-16 08:42:45.167071	SQ06EJ1WES	1	40	ACTIVE
134	2026-04-16 08:42:45.169639	2026-04-16 08:42:45.169639	S836P022	7	40	ACTIVE
135	2026-04-16 08:42:45.17276	2026-04-16 08:42:45.17276	FX25WSQX	6	40	ACTIVE
136	2026-04-16 08:42:45.176903	2026-04-16 08:42:45.176903	SQ06EJ1WES	1	41	ACTIVE
137	2026-04-16 08:42:45.181016	2026-04-16 08:42:45.181016	S836P022	7	41	ACTIVE
138	2026-04-16 08:42:45.183587	2026-04-16 08:42:45.183587	FX25WSQX	6	41	ACTIVE
139	2026-04-16 08:42:45.187759	2026-04-16 08:42:45.187759	SQ06EJ1WES	1	42	ACTIVE
140	2026-04-16 08:42:45.190835	2026-04-16 08:42:45.190835	S836P022	7	42	ACTIVE
141	2026-04-16 08:42:45.194717	2026-04-16 08:42:45.194717	FX25WSQX	6	42	ACTIVE
142	2026-04-16 08:42:45.198895	2026-04-16 08:42:45.198895	SQ06EJ1WES	1	43	ACTIVE
143	2026-04-16 08:42:45.203067	2026-04-16 08:42:45.203067	S836P022	7	43	ACTIVE
144	2026-04-16 08:42:45.206167	2026-04-16 08:42:45.206167	FX25WSQX	6	43	ACTIVE
145	2026-04-16 08:42:45.209789	2026-04-16 08:42:45.209789	SQ06EJ1WES	1	44	ACTIVE
146	2026-04-16 08:42:45.212346	2026-04-16 08:42:45.212346	S836P022	7	44	ACTIVE
147	2026-04-16 08:42:45.21597	2026-04-16 08:42:45.21597	FX25WSQX	6	44	ACTIVE
148	2026-04-16 08:42:45.22023	2026-04-16 08:42:45.22023	SQ06EJ1WES	1	45	ACTIVE
149	2026-04-16 08:42:45.222792	2026-04-16 08:42:45.222792	S836P022	7	45	ACTIVE
150	2026-04-16 08:42:45.22642	2026-04-16 08:42:45.22642	FX25WSQX	6	45	ACTIVE
151	2026-04-16 08:42:45.230031	2026-04-16 08:42:45.230031	SQ06EJ1WES	1	46	ACTIVE
152	2026-04-16 08:42:45.23317	2026-04-16 08:42:45.23317	S836P022	7	46	ACTIVE
153	2026-04-16 08:42:45.235739	2026-04-16 08:42:45.235739	FX25WSQX	6	46	ACTIVE
154	2026-04-16 08:42:45.23934	2026-04-16 08:42:45.23934	SQ06EJ1WES	1	47	ACTIVE
155	2026-04-16 08:42:45.24241	2026-04-16 08:42:45.24241	S836P022	7	47	ACTIVE
156	2026-04-16 08:42:45.246032	2026-04-16 08:42:45.246032	FX25WSQX	6	47	ACTIVE
157	2026-04-16 08:42:45.249687	2026-04-16 08:42:45.249687	SQ06EJ1WES	1	48	ACTIVE
158	2026-04-16 08:42:45.252247	2026-04-16 08:42:45.252247	S836P022	7	48	ACTIVE
159	2026-04-16 08:42:45.255338	2026-04-16 08:42:45.255338	FX25WSQX	6	48	ACTIVE
160	2026-04-16 08:42:45.258955	2026-04-16 08:42:45.258955	SQ06EJ1WES	1	49	ACTIVE
161	2026-04-16 08:42:45.26153	2026-04-16 08:42:45.26153	S836P022	7	49	ACTIVE
162	2026-04-16 08:42:45.264151	2026-04-16 08:42:45.264151	FX25WSQX	6	49	ACTIVE
163	2026-04-16 08:42:45.267258	2026-04-16 08:42:45.267258	SQ06EJ1WES	1	50	ACTIVE
164	2026-04-16 08:42:45.270354	2026-04-16 08:42:45.270354	S836P022	7	50	ACTIVE
165	2026-04-16 08:42:45.272918	2026-04-16 08:42:45.272918	FX25WSQX	6	50	ACTIVE
166	2026-04-16 08:42:45.276526	2026-04-16 08:42:45.276526	SQ06EJ1WES	1	51	ACTIVE
167	2026-04-16 08:42:45.279149	2026-04-16 08:42:45.279149	S836P022	7	51	ACTIVE
168	2026-04-16 08:42:45.281741	2026-04-16 08:42:45.281741	FX25WSQX	6	51	ACTIVE
169	2026-04-16 08:42:45.285332	2026-04-16 08:42:45.285332	SQ06EJ1WES	1	52	ACTIVE
170	2026-04-16 08:42:45.287897	2026-04-16 08:42:45.287897	S836P022	7	52	ACTIVE
171	2026-04-16 08:42:45.290476	2026-04-16 08:42:45.290476	FX25WSQX	6	52	ACTIVE
172	2026-04-16 08:42:45.294654	2026-04-16 08:42:45.294654	SQ06EJ1WES	1	53	ACTIVE
173	2026-04-16 08:42:45.297236	2026-04-16 08:42:45.297236	S836P022	7	53	ACTIVE
174	2026-04-16 08:42:45.300335	2026-04-16 08:42:45.300335	FX25WSQX	6	53	ACTIVE
175	2026-04-16 08:42:45.303413	2026-04-16 08:42:45.303413	SQ06EJ1WES	1	54	ACTIVE
176	2026-04-16 08:42:45.306514	2026-04-16 08:42:45.306514	S836P022	7	54	ACTIVE
177	2026-04-16 08:42:45.309675	2026-04-16 08:42:45.309675	FX25WSQX	6	54	ACTIVE
178	2026-04-16 08:42:45.313269	2026-04-16 08:42:45.313269	SQ06EJ1WES	1	55	ACTIVE
179	2026-04-16 08:42:45.315839	2026-04-16 08:42:45.315839	S836P022	7	55	ACTIVE
180	2026-04-16 08:42:45.318913	2026-04-16 08:42:45.318913	FX25WSQX	6	55	ACTIVE
181	2026-04-16 08:42:45.323056	2026-04-16 08:42:45.323056	SQ06EJ1WES	1	56	ACTIVE
182	2026-04-16 08:42:45.327177	2026-04-16 08:42:45.327177	S836P022	7	56	ACTIVE
183	2026-04-16 08:42:45.329765	2026-04-16 08:42:45.329765	FX25WSQX	6	56	ACTIVE
184	2026-04-16 08:42:45.334093	2026-04-16 08:42:45.334093	SQ06EJ1WES	1	57	ACTIVE
185	2026-04-16 08:42:45.336652	2026-04-16 08:42:45.336652	S836P022	7	57	ACTIVE
186	2026-04-16 08:42:45.339798	2026-04-16 08:42:45.339798	FX25WSQX	6	57	ACTIVE
187	2026-04-16 08:42:45.342913	2026-04-16 08:42:45.342913	SQ06EJ1WES	1	58	ACTIVE
188	2026-04-16 08:42:45.344942	2026-04-16 08:42:45.344942	S836P022	7	58	ACTIVE
189	2026-04-16 08:42:45.347682	2026-04-16 08:42:45.347682	FX25WSQX	6	58	ACTIVE
190	2026-04-16 08:42:45.349696	2026-04-16 08:42:45.349696	SQ06EJ1WES	1	59	ACTIVE
191	2026-04-16 08:42:45.352739	2026-04-16 08:42:45.352739	S836P022	7	59	ACTIVE
192	2026-04-16 08:42:45.356823	2026-04-16 08:42:45.356823	FX25WSQX	6	59	ACTIVE
193	2026-04-16 08:42:45.359824	2026-04-16 08:42:45.359824	SQ06EJ1WES	1	60	ACTIVE
194	2026-04-16 08:42:45.362841	2026-04-16 08:42:45.362841	S836P022	7	60	ACTIVE
195	2026-04-16 08:42:45.365911	2026-04-16 08:42:45.365911	FX25WSQX	6	60	ACTIVE
196	2026-04-16 08:42:45.368995	2026-04-16 08:42:45.368995	SQ06EJ1WES	1	61	ACTIVE
197	2026-04-16 08:42:45.372109	2026-04-16 08:42:45.372109	S836P022	7	61	ACTIVE
198	2026-04-16 08:42:45.374677	2026-04-16 08:42:45.374677	FX25WSQX	6	61	ACTIVE
199	2026-04-16 08:42:45.378067	2026-04-16 08:42:45.378067	SQ06EJ1WES	1	62	ACTIVE
200	2026-04-16 08:42:45.381145	2026-04-16 08:42:45.381145	S836P022	7	62	ACTIVE
201	2026-04-16 08:42:45.384227	2026-04-16 08:42:45.384227	FX25WSQX	6	62	ACTIVE
202	2026-04-16 08:42:45.387532	2026-04-16 08:42:45.387532	SQ06EJ1WES	1	63	ACTIVE
203	2026-04-16 08:42:45.390092	2026-04-16 08:42:45.390092	S836P022	7	63	ACTIVE
204	2026-04-16 08:42:45.392653	2026-04-16 08:42:45.392653	FX25WSQX	6	63	ACTIVE
205	2026-04-16 08:42:45.39624	2026-04-16 08:42:45.39624	SQ06EJ1WES	1	64	ACTIVE
206	2026-04-16 08:42:45.39852	2026-04-16 08:42:45.39852	S836P022	7	64	ACTIVE
207	2026-04-16 08:42:45.401698	2026-04-16 08:42:45.401698	FX25WSQX	6	64	ACTIVE
208	2026-04-16 08:42:45.405281	2026-04-16 08:42:45.405281	SQ06EJ1WES	1	65	ACTIVE
209	2026-04-16 08:42:45.407845	2026-04-16 08:42:45.407845	S836P022	7	65	ACTIVE
210	2026-04-16 08:42:45.410413	2026-04-16 08:42:45.410413	FX25WSQX	6	65	ACTIVE
211	2026-04-16 08:42:45.413993	2026-04-16 08:42:45.413993	SQ06EJ1WES	1	66	ACTIVE
212	2026-04-16 08:42:45.417111	2026-04-16 08:42:45.417111	S836P022	7	66	ACTIVE
213	2026-04-16 08:42:45.419673	2026-04-16 08:42:45.419673	FX25WSQX	6	66	ACTIVE
214	2026-04-16 08:42:45.422752	2026-04-16 08:42:45.422752	SQ06EJ1WES	1	67	ACTIVE
215	2026-04-16 08:42:45.425312	2026-04-16 08:42:45.425312	S836P022	7	67	ACTIVE
216	2026-04-16 08:42:45.427877	2026-04-16 08:42:45.427877	FX25WSQX	6	67	ACTIVE
217	2026-04-16 08:42:45.430949	2026-04-16 08:42:45.430949	SQ06EJ1WES	1	68	ACTIVE
218	2026-04-16 08:42:45.434065	2026-04-16 08:42:45.434065	S836P022	7	68	ACTIVE
219	2026-04-16 08:42:45.436625	2026-04-16 08:42:45.436625	FX25WSQX	6	68	ACTIVE
220	2026-04-16 08:42:45.43969	2026-04-16 08:42:45.43969	SQ06EJ1WES	1	69	ACTIVE
221	2026-04-16 08:42:45.442758	2026-04-16 08:42:45.442758	S836P022	7	69	ACTIVE
222	2026-04-16 08:42:45.445319	2026-04-16 08:42:45.445319	FX25WSQX	6	69	ACTIVE
223	2026-04-16 08:42:45.449489	2026-04-16 08:42:45.449489	SQ06EJ1WES	1	70	ACTIVE
224	2026-04-16 08:42:45.452191	2026-04-16 08:42:45.452191	S836P022	7	70	ACTIVE
225	2026-04-16 08:42:45.454752	2026-04-16 08:42:45.454752	FX25WSQX	6	70	ACTIVE
226	2026-04-16 08:42:45.458548	2026-04-16 08:42:45.458548	SQ06EJ1WES	1	71	ACTIVE
227	2026-04-16 08:42:45.461108	2026-04-16 08:42:45.461108	S836P022	7	71	ACTIVE
228	2026-04-16 08:42:45.464307	2026-04-16 08:42:45.464307	FX25WSQX	6	71	ACTIVE
229	2026-04-16 08:42:45.469415	2026-04-16 08:42:45.469415	SQ06EJ1WES	1	72	ACTIVE
230	2026-04-16 08:42:45.474211	2026-04-16 08:42:45.474211	S836P022	7	72	ACTIVE
231	2026-04-16 08:42:45.478962	2026-04-16 08:42:45.478962	FX25WSQX	6	72	ACTIVE
232	2026-04-16 08:42:45.483775	2026-04-16 08:42:45.483775	SQ06EJ1WES	1	73	ACTIVE
233	2026-04-16 08:42:45.488086	2026-04-16 08:42:45.488086	S836P022	7	73	ACTIVE
234	2026-04-16 08:42:45.491888	2026-04-16 08:42:45.491888	FX25WSQX	6	73	ACTIVE
235	2026-04-16 08:42:45.496087	2026-04-16 08:42:45.496087	SQ06EJ1WES	1	74	ACTIVE
236	2026-04-16 08:42:45.499701	2026-04-16 08:42:45.499701	S836P022	7	74	ACTIVE
237	2026-04-16 08:42:45.502795	2026-04-16 08:42:45.502795	FX25WSQX	6	74	ACTIVE
238	2026-04-16 08:42:45.506655	2026-04-16 08:42:45.506655	SQ06EJ1WES	1	75	ACTIVE
239	2026-04-16 08:42:45.510858	2026-04-16 08:42:45.510858	S836P022	7	75	ACTIVE
240	2026-04-16 08:42:45.514507	2026-04-16 08:42:45.514507	FX25WSQX	6	75	ACTIVE
241	2026-04-16 08:42:45.519756	2026-04-16 08:42:45.519756	SQ06EJ1WES	1	76	ACTIVE
242	2026-04-16 08:42:45.522921	2026-04-16 08:42:45.522921	S836P022	7	76	ACTIVE
243	2026-04-16 08:42:45.526647	2026-04-16 08:42:45.526647	FX25WSQX	6	76	ACTIVE
244	2026-04-16 08:42:45.530786	2026-04-16 08:42:45.530786	SQ06EJ1WES	1	77	ACTIVE
245	2026-04-16 08:42:45.533879	2026-04-16 08:42:45.533879	S836P022	7	77	ACTIVE
246	2026-04-16 08:42:45.536971	2026-04-16 08:42:45.536971	FX25WSQX	6	77	ACTIVE
247	2026-04-16 08:42:45.541643	2026-04-16 08:42:45.541643	SQ06EJ1WES	1	78	ACTIVE
248	2026-04-16 08:42:45.544736	2026-04-16 08:42:45.544736	S836P022	7	78	ACTIVE
249	2026-04-16 08:42:45.547832	2026-04-16 08:42:45.547832	FX25WSQX	6	78	ACTIVE
250	2026-04-16 08:42:45.551937	2026-04-16 08:42:45.551937	SQ06EJ1WES	1	79	ACTIVE
251	2026-04-16 08:42:45.555697	2026-04-16 08:42:45.555697	S836P022	7	79	ACTIVE
252	2026-04-16 08:42:45.558813	2026-04-16 08:42:45.558813	FX25WSQX	6	79	ACTIVE
253	2026-04-16 08:42:45.562914	2026-04-16 08:42:45.562914	SQ06EJ1WES	1	80	ACTIVE
254	2026-04-16 08:42:45.566055	2026-04-16 08:42:45.566055	S836P022	7	80	ACTIVE
255	2026-04-16 08:42:45.569233	2026-04-16 08:42:45.569233	FX25WSQX	6	80	ACTIVE
256	2026-04-16 08:42:45.572743	2026-04-16 08:42:45.572743	SQ06EJ1WES	1	81	ACTIVE
257	2026-04-16 08:42:45.575314	2026-04-16 08:42:45.575314	S836P022	7	81	ACTIVE
258	2026-04-16 08:42:45.578898	2026-04-16 08:42:45.578898	FX25WSQX	6	81	ACTIVE
259	2026-04-16 08:42:45.581916	2026-04-16 08:42:45.581916	SQ06EJ1WES	1	82	ACTIVE
260	2026-04-16 08:42:45.584489	2026-04-16 08:42:45.584489	S836P022	7	82	ACTIVE
261	2026-04-16 08:42:45.588048	2026-04-16 08:42:45.588048	FX25WSQX	6	82	ACTIVE
262	2026-04-16 08:42:45.591635	2026-04-16 08:42:45.591635	SQ06EJ1WES	1	83	ACTIVE
263	2026-04-16 08:42:45.594726	2026-04-16 08:42:45.594726	S836P022	7	83	ACTIVE
264	2026-04-16 08:42:45.597304	2026-04-16 08:42:45.597304	FX25WSQX	6	83	ACTIVE
265	2026-04-16 08:42:45.600938	2026-04-16 08:42:45.600938	SQ06EJ1WES	1	84	ACTIVE
266	2026-04-16 08:42:45.604041	2026-04-16 08:42:45.604041	S836P022	7	84	ACTIVE
267	2026-04-16 08:42:45.607121	2026-04-16 08:42:45.607121	FX25WSQX	6	84	ACTIVE
268	2026-04-16 08:42:45.610709	2026-04-16 08:42:45.610709	SQ06EJ1WES	1	85	ACTIVE
269	2026-04-16 08:42:45.613258	2026-04-16 08:42:45.613258	S836P022	7	85	ACTIVE
270	2026-04-16 08:42:45.616417	2026-04-16 08:42:45.616417	FX25WSQX	6	85	ACTIVE
271	2026-04-16 08:42:45.620004	2026-04-16 08:42:45.620004	SQ06EJ1WES	1	86	ACTIVE
272	2026-04-16 08:42:45.622559	2026-04-16 08:42:45.622559	S836P022	7	86	ACTIVE
273	2026-04-16 08:42:45.625624	2026-04-16 08:42:45.625624	FX25WSQX	6	86	ACTIVE
274	2026-04-16 08:42:45.629273	2026-04-16 08:42:45.629273	SQ06EJ1WES	1	87	ACTIVE
275	2026-04-16 08:42:45.632418	2026-04-16 08:42:45.632418	S836P022	7	87	ACTIVE
276	2026-04-16 08:42:45.635496	2026-04-16 08:42:45.635496	FX25WSQX	6	87	ACTIVE
277	2026-04-16 08:42:45.638573	2026-04-16 08:42:45.638573	SQ06EJ1WES	1	88	ACTIVE
278	2026-04-16 08:42:45.641637	2026-04-16 08:42:45.641637	S836P022	7	88	ACTIVE
279	2026-04-16 08:42:45.644203	2026-04-16 08:42:45.644203	FX25WSQX	6	88	ACTIVE
280	2026-04-16 08:42:45.648354	2026-04-16 08:42:45.648354	SQ06EJ1WES	1	89	ACTIVE
281	2026-04-16 08:42:45.651935	2026-04-16 08:42:45.651935	S836P022	7	89	ACTIVE
282	2026-04-16 08:42:45.655003	2026-04-16 08:42:45.655003	FX25WSQX	6	89	ACTIVE
283	2026-04-16 08:42:45.659697	2026-04-16 08:42:45.659697	SQ06EJ1WES	1	90	ACTIVE
284	2026-04-16 08:42:45.662873	2026-04-16 08:42:45.662873	S836P022	7	90	ACTIVE
285	2026-04-16 08:42:45.665951	2026-04-16 08:42:45.665951	FX25WSQX	6	90	ACTIVE
286	2026-04-16 08:42:45.669539	2026-04-16 08:42:45.669539	SQ06EJ1WES	1	91	ACTIVE
287	2026-04-16 08:42:45.672604	2026-04-16 08:42:45.672604	S836P022	7	91	ACTIVE
288	2026-04-16 08:42:45.675188	2026-04-16 08:42:45.675188	FX25WSQX	6	91	ACTIVE
289	2026-04-16 08:42:45.679505	2026-04-16 08:42:45.679505	SQ06EJ1WES	1	92	ACTIVE
290	2026-04-16 08:42:45.682608	2026-04-16 08:42:45.682608	S836P022	7	92	ACTIVE
291	2026-04-16 08:42:45.685381	2026-04-16 08:42:45.685381	FX25WSQX	6	92	ACTIVE
292	2026-04-16 08:42:45.689482	2026-04-16 08:42:45.689482	SQ06EJ1WES	1	93	ACTIVE
293	2026-04-16 08:42:45.692206	2026-04-16 08:42:45.692206	S836P022	7	93	ACTIVE
294	2026-04-16 08:42:45.69528	2026-04-16 08:42:45.69528	FX25WSQX	6	93	ACTIVE
295	2026-04-16 08:42:45.699371	2026-04-16 08:42:45.699371	SQ06EJ1WES	1	94	ACTIVE
296	2026-04-16 08:42:45.701924	2026-04-16 08:42:45.701924	S836P022	7	94	ACTIVE
297	2026-04-16 08:42:45.705171	2026-04-16 08:42:45.705171	FX25WSQX	6	94	ACTIVE
298	2026-04-16 08:42:45.708919	2026-04-16 08:42:45.708919	SQ06EJ1WES	1	95	ACTIVE
299	2026-04-16 08:42:45.71201	2026-04-16 08:42:45.71201	S836P022	7	95	ACTIVE
300	2026-04-16 08:42:45.715096	2026-04-16 08:42:45.715096	FX25WSQX	6	95	ACTIVE
301	2026-04-16 08:42:45.718678	2026-04-16 08:42:45.718678	SQ06EJ1WES	1	96	ACTIVE
302	2026-04-16 08:42:45.721238	2026-04-16 08:42:45.721238	S836P022	7	96	ACTIVE
303	2026-04-16 08:42:45.724365	2026-04-16 08:42:45.724365	FX25WSQX	6	96	ACTIVE
304	2026-04-16 08:42:45.728533	2026-04-16 08:42:45.728533	SQ06EJ1WES	1	97	ACTIVE
305	2026-04-16 08:42:45.731636	2026-04-16 08:42:45.731636	S836P022	7	97	ACTIVE
306	2026-04-16 08:42:45.734191	2026-04-16 08:42:45.734191	FX25WSQX	6	97	ACTIVE
307	2026-04-16 08:42:45.737793	2026-04-16 08:42:45.737793	SQ06EJ1WES	1	98	ACTIVE
308	2026-04-16 08:42:45.740885	2026-04-16 08:42:45.740885	S836P022	7	98	ACTIVE
309	2026-04-16 08:42:45.743479	2026-04-16 08:42:45.743479	FX25WSQX	6	98	ACTIVE
310	2026-04-16 08:42:45.747067	2026-04-16 08:42:45.747067	SQ06EJ1WES	1	99	ACTIVE
311	2026-04-16 08:42:45.75065	2026-04-16 08:42:45.75065	S836P022	7	99	ACTIVE
312	2026-04-16 08:42:45.755018	2026-04-16 08:42:45.755018	FX25WSQX	6	99	ACTIVE
313	2026-04-16 08:42:45.759451	2026-04-16 08:42:45.759451	SQ06EJ1WES	1	100	ACTIVE
314	2026-04-16 08:42:45.763028	2026-04-16 08:42:45.763028	S836P022	7	100	ACTIVE
315	2026-04-16 08:42:45.766107	2026-04-16 08:42:45.766107	FX25WSQX	6	100	ACTIVE
316	2026-04-16 08:42:45.769853	2026-04-16 08:42:45.769853	SQ06EJ1WES	1	101	ACTIVE
317	2026-04-16 08:42:45.772944	2026-04-16 08:42:45.772944	S836P022	7	101	ACTIVE
318	2026-04-16 08:42:45.776011	2026-04-16 08:42:45.776011	FX25WSQX	6	101	ACTIVE
319	2026-04-16 08:42:45.780255	2026-04-16 08:42:45.780255	SQ06EJ1WES	1	102	ACTIVE
320	2026-04-16 08:42:45.784141	2026-04-16 08:42:45.784141	S836P022	7	102	ACTIVE
321	2026-04-16 08:42:45.787214	2026-04-16 08:42:45.787214	FX25WSQX	6	102	ACTIVE
322	2026-04-16 08:42:45.791308	2026-04-16 08:42:45.791308	SQ06EJ1WES	1	103	ACTIVE
323	2026-04-16 08:42:45.794052	2026-04-16 08:42:45.794052	S836P022	7	103	ACTIVE
324	2026-04-16 08:42:45.797126	2026-04-16 08:42:45.797126	FX25WSQX	6	103	ACTIVE
325	2026-04-16 08:42:45.80137	2026-04-16 08:42:45.80137	SQ06EJ1WES	1	104	ACTIVE
326	2026-04-16 08:42:45.804445	2026-04-16 08:42:45.804445	S836P022	7	104	ACTIVE
327	2026-04-16 08:42:45.807507	2026-04-16 08:42:45.807507	FX25WSQX	6	104	ACTIVE
328	2026-04-16 09:02:57.868658	2026-04-16 09:02:57.868658	FX25WSQX	6	1	ACTIVE
329	2026-04-16 09:03:24.133954	2026-04-16 09:03:24.133954	S836MTE032	7	1	ACTIVE
\.


--
-- Data for Name: users; Type: TABLE DATA; Schema: public; Owner: postgres
--

COPY public.users (id, created_at, updated_at, email, nickname, password, role, status, theme) FROM stdin;
2	2026-04-10 09:20:22.040253	2026-04-10 09:20:22.040253	kakao_4839030588@pixie.com	김서영	$2a$10$b80VwGiyOfuw4dqs0rd5ke4W/esanMv4MVvCZC.Bdn83SrPMihSbC	USER	ACTIVE	light
3	2026-04-10 10:59:03.574266	2026-04-10 14:52:29.890648	test@gmail.com	테스트	$2a$10$62gj1YGj5CoFyR8qVUwLB.tBvKUWLRCNigOH/6Xuc8kootXD4HXZS	USER	DELETED	light
4	2026-04-10 16:57:23.170011	2026-04-10 16:57:23.170011	testtest5@mail.com	테스트2	$2a$10$6nwvG7J3JkmIMtwGTeyrde7M/D8F/QmOfQfKeB7aVXdCLCZhr5v2m	USER	ACTIVE	light
1	2026-04-10 09:19:38.669936	2026-04-16 10:15:09.451885	iopuhjrybe57@gmail.com	김서영	$2a$10$Nz/kVYEhL077lW6yEkP.tupakPdO.0JCyV8mD6gXDoZd.TfqhZQJS	USER	ACTIVE	magician
5	2026-04-16 08:42:44.586066	2026-04-16 08:42:44.586066	seed-user-0@localhost.local	시드유저0	$2a$10$0GrTJkE.KakgHWrivXE9gejDFbJEBCzt7f.2pRwsNFFvBt7oyKt0.	USER	ACTIVE	light
6	2026-04-16 08:42:44.608723	2026-04-16 08:42:44.608723	seed-user-1@localhost.local	시드유저1	$2a$10$0GrTJkE.KakgHWrivXE9gejDFbJEBCzt7f.2pRwsNFFvBt7oyKt0.	USER	ACTIVE	light
7	2026-04-16 08:42:44.610662	2026-04-16 08:42:44.610662	seed-user-2@localhost.local	시드유저2	$2a$10$0GrTJkE.KakgHWrivXE9gejDFbJEBCzt7f.2pRwsNFFvBt7oyKt0.	USER	ACTIVE	light
8	2026-04-16 08:42:44.61169	2026-04-16 08:42:44.61169	seed-user-3@localhost.local	시드유저3	$2a$10$0GrTJkE.KakgHWrivXE9gejDFbJEBCzt7f.2pRwsNFFvBt7oyKt0.	USER	ACTIVE	light
9	2026-04-16 08:42:44.612711	2026-04-16 08:42:44.612711	seed-user-4@localhost.local	시드유저4	$2a$10$0GrTJkE.KakgHWrivXE9gejDFbJEBCzt7f.2pRwsNFFvBt7oyKt0.	USER	ACTIVE	light
10	2026-04-16 08:42:44.614295	2026-04-16 08:42:44.614295	seed-user-5@localhost.local	시드유저5	$2a$10$0GrTJkE.KakgHWrivXE9gejDFbJEBCzt7f.2pRwsNFFvBt7oyKt0.	USER	ACTIVE	light
11	2026-04-16 08:42:44.615866	2026-04-16 08:42:44.615866	seed-user-6@localhost.local	시드유저6	$2a$10$0GrTJkE.KakgHWrivXE9gejDFbJEBCzt7f.2pRwsNFFvBt7oyKt0.	USER	ACTIVE	light
12	2026-04-16 08:42:44.617482	2026-04-16 08:42:44.617482	seed-user-7@localhost.local	시드유저7	$2a$10$0GrTJkE.KakgHWrivXE9gejDFbJEBCzt7f.2pRwsNFFvBt7oyKt0.	USER	ACTIVE	light
13	2026-04-16 08:42:44.618507	2026-04-16 08:42:44.618507	seed-user-8@localhost.local	시드유저8	$2a$10$0GrTJkE.KakgHWrivXE9gejDFbJEBCzt7f.2pRwsNFFvBt7oyKt0.	USER	ACTIVE	light
14	2026-04-16 08:42:44.620079	2026-04-16 08:42:44.620079	seed-user-9@localhost.local	시드유저9	$2a$10$0GrTJkE.KakgHWrivXE9gejDFbJEBCzt7f.2pRwsNFFvBt7oyKt0.	USER	ACTIVE	light
15	2026-04-16 08:42:44.621099	2026-04-16 08:42:44.621099	seed-user-10@localhost.local	시드유저10	$2a$10$0GrTJkE.KakgHWrivXE9gejDFbJEBCzt7f.2pRwsNFFvBt7oyKt0.	USER	ACTIVE	light
16	2026-04-16 08:42:44.622638	2026-04-16 08:42:44.622638	seed-user-11@localhost.local	시드유저11	$2a$10$0GrTJkE.KakgHWrivXE9gejDFbJEBCzt7f.2pRwsNFFvBt7oyKt0.	USER	ACTIVE	light
17	2026-04-16 08:42:44.624179	2026-04-16 08:42:44.624179	seed-user-12@localhost.local	시드유저12	$2a$10$0GrTJkE.KakgHWrivXE9gejDFbJEBCzt7f.2pRwsNFFvBt7oyKt0.	USER	ACTIVE	light
18	2026-04-16 08:42:44.6252	2026-04-16 08:42:44.6252	seed-user-13@localhost.local	시드유저13	$2a$10$0GrTJkE.KakgHWrivXE9gejDFbJEBCzt7f.2pRwsNFFvBt7oyKt0.	USER	ACTIVE	light
19	2026-04-16 08:42:44.626637	2026-04-16 08:42:44.626637	seed-user-14@localhost.local	시드유저14	$2a$10$0GrTJkE.KakgHWrivXE9gejDFbJEBCzt7f.2pRwsNFFvBt7oyKt0.	USER	ACTIVE	light
20	2026-04-16 08:42:44.628181	2026-04-16 08:42:44.628181	seed-user-15@localhost.local	시드유저15	$2a$10$0GrTJkE.KakgHWrivXE9gejDFbJEBCzt7f.2pRwsNFFvBt7oyKt0.	USER	ACTIVE	light
21	2026-04-16 08:42:44.629201	2026-04-16 08:42:44.629201	seed-user-16@localhost.local	시드유저16	$2a$10$0GrTJkE.KakgHWrivXE9gejDFbJEBCzt7f.2pRwsNFFvBt7oyKt0.	USER	ACTIVE	light
22	2026-04-16 08:42:44.630425	2026-04-16 08:42:44.630425	seed-user-17@localhost.local	시드유저17	$2a$10$0GrTJkE.KakgHWrivXE9gejDFbJEBCzt7f.2pRwsNFFvBt7oyKt0.	USER	ACTIVE	light
23	2026-04-16 08:42:44.631458	2026-04-16 08:42:44.631458	seed-user-18@localhost.local	시드유저18	$2a$10$0GrTJkE.KakgHWrivXE9gejDFbJEBCzt7f.2pRwsNFFvBt7oyKt0.	USER	ACTIVE	light
24	2026-04-16 08:42:44.633081	2026-04-16 08:42:44.633081	seed-user-19@localhost.local	시드유저19	$2a$10$0GrTJkE.KakgHWrivXE9gejDFbJEBCzt7f.2pRwsNFFvBt7oyKt0.	USER	ACTIVE	light
25	2026-04-16 08:42:44.634108	2026-04-16 08:42:44.634108	seed-user-20@localhost.local	시드유저20	$2a$10$0GrTJkE.KakgHWrivXE9gejDFbJEBCzt7f.2pRwsNFFvBt7oyKt0.	USER	ACTIVE	light
26	2026-04-16 08:42:44.635166	2026-04-16 08:42:44.635166	seed-user-21@localhost.local	시드유저21	$2a$10$0GrTJkE.KakgHWrivXE9gejDFbJEBCzt7f.2pRwsNFFvBt7oyKt0.	USER	ACTIVE	light
27	2026-04-16 08:42:44.636714	2026-04-16 08:42:44.636714	seed-user-22@localhost.local	시드유저22	$2a$10$0GrTJkE.KakgHWrivXE9gejDFbJEBCzt7f.2pRwsNFFvBt7oyKt0.	USER	ACTIVE	light
28	2026-04-16 08:42:44.637736	2026-04-16 08:42:44.637736	seed-user-23@localhost.local	시드유저23	$2a$10$0GrTJkE.KakgHWrivXE9gejDFbJEBCzt7f.2pRwsNFFvBt7oyKt0.	USER	ACTIVE	light
29	2026-04-16 08:42:44.639278	2026-04-16 08:42:44.639278	seed-user-24@localhost.local	시드유저24	$2a$10$0GrTJkE.KakgHWrivXE9gejDFbJEBCzt7f.2pRwsNFFvBt7oyKt0.	USER	ACTIVE	light
30	2026-04-16 08:42:44.640305	2026-04-16 08:42:44.640305	seed-user-25@localhost.local	시드유저25	$2a$10$0GrTJkE.KakgHWrivXE9gejDFbJEBCzt7f.2pRwsNFFvBt7oyKt0.	USER	ACTIVE	light
31	2026-04-16 08:42:44.641323	2026-04-16 08:42:44.641323	seed-user-26@localhost.local	시드유저26	$2a$10$0GrTJkE.KakgHWrivXE9gejDFbJEBCzt7f.2pRwsNFFvBt7oyKt0.	USER	ACTIVE	light
32	2026-04-16 08:42:44.642351	2026-04-16 08:42:44.642351	seed-user-27@localhost.local	시드유저27	$2a$10$0GrTJkE.KakgHWrivXE9gejDFbJEBCzt7f.2pRwsNFFvBt7oyKt0.	USER	ACTIVE	light
33	2026-04-16 08:42:44.643374	2026-04-16 08:42:44.643374	seed-user-28@localhost.local	시드유저28	$2a$10$0GrTJkE.KakgHWrivXE9gejDFbJEBCzt7f.2pRwsNFFvBt7oyKt0.	USER	ACTIVE	light
34	2026-04-16 08:42:44.644398	2026-04-16 08:42:44.644398	seed-user-29@localhost.local	시드유저29	$2a$10$0GrTJkE.KakgHWrivXE9gejDFbJEBCzt7f.2pRwsNFFvBt7oyKt0.	USER	ACTIVE	light
35	2026-04-16 08:42:44.645428	2026-04-16 08:42:44.645428	seed-user-30@localhost.local	시드유저30	$2a$10$0GrTJkE.KakgHWrivXE9gejDFbJEBCzt7f.2pRwsNFFvBt7oyKt0.	USER	ACTIVE	light
36	2026-04-16 08:42:44.647593	2026-04-16 08:42:44.647593	seed-user-31@localhost.local	시드유저31	$2a$10$0GrTJkE.KakgHWrivXE9gejDFbJEBCzt7f.2pRwsNFFvBt7oyKt0.	USER	ACTIVE	light
37	2026-04-16 08:42:44.649713	2026-04-16 08:42:44.649713	seed-user-32@localhost.local	시드유저32	$2a$10$0GrTJkE.KakgHWrivXE9gejDFbJEBCzt7f.2pRwsNFFvBt7oyKt0.	USER	ACTIVE	light
38	2026-04-16 08:42:44.651294	2026-04-16 08:42:44.651294	seed-user-33@localhost.local	시드유저33	$2a$10$0GrTJkE.KakgHWrivXE9gejDFbJEBCzt7f.2pRwsNFFvBt7oyKt0.	USER	ACTIVE	light
39	2026-04-16 08:42:44.65244	2026-04-16 08:42:44.65244	seed-user-34@localhost.local	시드유저34	$2a$10$0GrTJkE.KakgHWrivXE9gejDFbJEBCzt7f.2pRwsNFFvBt7oyKt0.	USER	ACTIVE	light
40	2026-04-16 08:42:44.653999	2026-04-16 08:42:44.653999	seed-user-35@localhost.local	시드유저35	$2a$10$0GrTJkE.KakgHWrivXE9gejDFbJEBCzt7f.2pRwsNFFvBt7oyKt0.	USER	ACTIVE	light
41	2026-04-16 08:42:44.655041	2026-04-16 08:42:44.655041	seed-user-36@localhost.local	시드유저36	$2a$10$0GrTJkE.KakgHWrivXE9gejDFbJEBCzt7f.2pRwsNFFvBt7oyKt0.	USER	ACTIVE	light
42	2026-04-16 08:42:44.65665	2026-04-16 08:42:44.65665	seed-user-37@localhost.local	시드유저37	$2a$10$0GrTJkE.KakgHWrivXE9gejDFbJEBCzt7f.2pRwsNFFvBt7oyKt0.	USER	ACTIVE	light
43	2026-04-16 08:42:44.6577	2026-04-16 08:42:44.6577	seed-user-38@localhost.local	시드유저38	$2a$10$0GrTJkE.KakgHWrivXE9gejDFbJEBCzt7f.2pRwsNFFvBt7oyKt0.	USER	ACTIVE	light
44	2026-04-16 08:42:44.658745	2026-04-16 08:42:44.658745	seed-user-39@localhost.local	시드유저39	$2a$10$0GrTJkE.KakgHWrivXE9gejDFbJEBCzt7f.2pRwsNFFvBt7oyKt0.	USER	ACTIVE	light
45	2026-04-16 08:42:44.660282	2026-04-16 08:42:44.660282	seed-user-40@localhost.local	시드유저40	$2a$10$0GrTJkE.KakgHWrivXE9gejDFbJEBCzt7f.2pRwsNFFvBt7oyKt0.	USER	ACTIVE	light
46	2026-04-16 08:42:44.661309	2026-04-16 08:42:44.661309	seed-user-41@localhost.local	시드유저41	$2a$10$0GrTJkE.KakgHWrivXE9gejDFbJEBCzt7f.2pRwsNFFvBt7oyKt0.	USER	ACTIVE	light
47	2026-04-16 08:42:44.663445	2026-04-16 08:42:44.663445	seed-user-42@localhost.local	시드유저42	$2a$10$0GrTJkE.KakgHWrivXE9gejDFbJEBCzt7f.2pRwsNFFvBt7oyKt0.	USER	ACTIVE	light
48	2026-04-16 08:42:44.665032	2026-04-16 08:42:44.665032	seed-user-43@localhost.local	시드유저43	$2a$10$0GrTJkE.KakgHWrivXE9gejDFbJEBCzt7f.2pRwsNFFvBt7oyKt0.	USER	ACTIVE	light
49	2026-04-16 08:42:44.666714	2026-04-16 08:42:44.666714	seed-user-44@localhost.local	시드유저44	$2a$10$0GrTJkE.KakgHWrivXE9gejDFbJEBCzt7f.2pRwsNFFvBt7oyKt0.	USER	ACTIVE	light
50	2026-04-16 08:42:44.66779	2026-04-16 08:42:44.66779	seed-user-45@localhost.local	시드유저45	$2a$10$0GrTJkE.KakgHWrivXE9gejDFbJEBCzt7f.2pRwsNFFvBt7oyKt0.	USER	ACTIVE	light
51	2026-04-16 08:42:44.66934	2026-04-16 08:42:44.66934	seed-user-46@localhost.local	시드유저46	$2a$10$0GrTJkE.KakgHWrivXE9gejDFbJEBCzt7f.2pRwsNFFvBt7oyKt0.	USER	ACTIVE	light
52	2026-04-16 08:42:44.670369	2026-04-16 08:42:44.670369	seed-user-47@localhost.local	시드유저47	$2a$10$0GrTJkE.KakgHWrivXE9gejDFbJEBCzt7f.2pRwsNFFvBt7oyKt0.	USER	ACTIVE	light
53	2026-04-16 08:42:44.67148	2026-04-16 08:42:44.67148	seed-user-48@localhost.local	시드유저48	$2a$10$0GrTJkE.KakgHWrivXE9gejDFbJEBCzt7f.2pRwsNFFvBt7oyKt0.	USER	ACTIVE	light
54	2026-04-16 08:42:44.672512	2026-04-16 08:42:44.672512	seed-user-49@localhost.local	시드유저49	$2a$10$0GrTJkE.KakgHWrivXE9gejDFbJEBCzt7f.2pRwsNFFvBt7oyKt0.	USER	ACTIVE	light
55	2026-04-16 08:42:44.674046	2026-04-16 08:42:44.674046	seed-user-50@localhost.local	시드유저50	$2a$10$0GrTJkE.KakgHWrivXE9gejDFbJEBCzt7f.2pRwsNFFvBt7oyKt0.	USER	ACTIVE	light
56	2026-04-16 08:42:44.675071	2026-04-16 08:42:44.675071	seed-user-51@localhost.local	시드유저51	$2a$10$0GrTJkE.KakgHWrivXE9gejDFbJEBCzt7f.2pRwsNFFvBt7oyKt0.	USER	ACTIVE	light
57	2026-04-16 08:42:44.676178	2026-04-16 08:42:44.676178	seed-user-52@localhost.local	시드유저52	$2a$10$0GrTJkE.KakgHWrivXE9gejDFbJEBCzt7f.2pRwsNFFvBt7oyKt0.	USER	ACTIVE	light
58	2026-04-16 08:42:44.677206	2026-04-16 08:42:44.677206	seed-user-53@localhost.local	시드유저53	$2a$10$0GrTJkE.KakgHWrivXE9gejDFbJEBCzt7f.2pRwsNFFvBt7oyKt0.	USER	ACTIVE	light
59	2026-04-16 08:42:44.678244	2026-04-16 08:42:44.678244	seed-user-54@localhost.local	시드유저54	$2a$10$0GrTJkE.KakgHWrivXE9gejDFbJEBCzt7f.2pRwsNFFvBt7oyKt0.	USER	ACTIVE	light
60	2026-04-16 08:42:44.679269	2026-04-16 08:42:44.679269	seed-user-55@localhost.local	시드유저55	$2a$10$0GrTJkE.KakgHWrivXE9gejDFbJEBCzt7f.2pRwsNFFvBt7oyKt0.	USER	ACTIVE	light
61	2026-04-16 08:42:44.680894	2026-04-16 08:42:44.680894	seed-user-56@localhost.local	시드유저56	$2a$10$0GrTJkE.KakgHWrivXE9gejDFbJEBCzt7f.2pRwsNFFvBt7oyKt0.	USER	ACTIVE	light
62	2026-04-16 08:42:44.682443	2026-04-16 08:42:44.682443	seed-user-57@localhost.local	시드유저57	$2a$10$0GrTJkE.KakgHWrivXE9gejDFbJEBCzt7f.2pRwsNFFvBt7oyKt0.	USER	ACTIVE	light
63	2026-04-16 08:42:44.683488	2026-04-16 08:42:44.683488	seed-user-58@localhost.local	시드유저58	$2a$10$0GrTJkE.KakgHWrivXE9gejDFbJEBCzt7f.2pRwsNFFvBt7oyKt0.	USER	ACTIVE	light
64	2026-04-16 08:42:44.68452	2026-04-16 08:42:44.68452	seed-user-59@localhost.local	시드유저59	$2a$10$0GrTJkE.KakgHWrivXE9gejDFbJEBCzt7f.2pRwsNFFvBt7oyKt0.	USER	ACTIVE	light
65	2026-04-16 08:42:44.68555	2026-04-16 08:42:44.68555	seed-user-60@localhost.local	시드유저60	$2a$10$0GrTJkE.KakgHWrivXE9gejDFbJEBCzt7f.2pRwsNFFvBt7oyKt0.	USER	ACTIVE	light
66	2026-04-16 08:42:44.686572	2026-04-16 08:42:44.686572	seed-user-61@localhost.local	시드유저61	$2a$10$0GrTJkE.KakgHWrivXE9gejDFbJEBCzt7f.2pRwsNFFvBt7oyKt0.	USER	ACTIVE	light
67	2026-04-16 08:42:44.687595	2026-04-16 08:42:44.687595	seed-user-62@localhost.local	시드유저62	$2a$10$0GrTJkE.KakgHWrivXE9gejDFbJEBCzt7f.2pRwsNFFvBt7oyKt0.	USER	ACTIVE	light
68	2026-04-16 08:42:44.688627	2026-04-16 08:42:44.688627	seed-user-63@localhost.local	시드유저63	$2a$10$0GrTJkE.KakgHWrivXE9gejDFbJEBCzt7f.2pRwsNFFvBt7oyKt0.	USER	ACTIVE	light
69	2026-04-16 08:42:44.689653	2026-04-16 08:42:44.689653	seed-user-64@localhost.local	시드유저64	$2a$10$0GrTJkE.KakgHWrivXE9gejDFbJEBCzt7f.2pRwsNFFvBt7oyKt0.	USER	ACTIVE	light
70	2026-04-16 08:42:44.6912	2026-04-16 08:42:44.6912	seed-user-65@localhost.local	시드유저65	$2a$10$0GrTJkE.KakgHWrivXE9gejDFbJEBCzt7f.2pRwsNFFvBt7oyKt0.	USER	ACTIVE	light
71	2026-04-16 08:42:44.692238	2026-04-16 08:42:44.692238	seed-user-66@localhost.local	시드유저66	$2a$10$0GrTJkE.KakgHWrivXE9gejDFbJEBCzt7f.2pRwsNFFvBt7oyKt0.	USER	ACTIVE	light
72	2026-04-16 08:42:44.69327	2026-04-16 08:42:44.69327	seed-user-67@localhost.local	시드유저67	$2a$10$0GrTJkE.KakgHWrivXE9gejDFbJEBCzt7f.2pRwsNFFvBt7oyKt0.	USER	ACTIVE	light
73	2026-04-16 08:42:44.694306	2026-04-16 08:42:44.694306	seed-user-68@localhost.local	시드유저68	$2a$10$0GrTJkE.KakgHWrivXE9gejDFbJEBCzt7f.2pRwsNFFvBt7oyKt0.	USER	ACTIVE	light
74	2026-04-16 08:42:44.695342	2026-04-16 08:42:44.695342	seed-user-69@localhost.local	시드유저69	$2a$10$0GrTJkE.KakgHWrivXE9gejDFbJEBCzt7f.2pRwsNFFvBt7oyKt0.	USER	ACTIVE	light
75	2026-04-16 08:42:44.696422	2026-04-16 08:42:44.696422	seed-user-70@localhost.local	시드유저70	$2a$10$0GrTJkE.KakgHWrivXE9gejDFbJEBCzt7f.2pRwsNFFvBt7oyKt0.	USER	ACTIVE	light
76	2026-04-16 08:42:44.697456	2026-04-16 08:42:44.697456	seed-user-71@localhost.local	시드유저71	$2a$10$0GrTJkE.KakgHWrivXE9gejDFbJEBCzt7f.2pRwsNFFvBt7oyKt0.	USER	ACTIVE	light
77	2026-04-16 08:42:44.698483	2026-04-16 08:42:44.698483	seed-user-72@localhost.local	시드유저72	$2a$10$0GrTJkE.KakgHWrivXE9gejDFbJEBCzt7f.2pRwsNFFvBt7oyKt0.	USER	ACTIVE	light
78	2026-04-16 08:42:44.699521	2026-04-16 08:42:44.699521	seed-user-73@localhost.local	시드유저73	$2a$10$0GrTJkE.KakgHWrivXE9gejDFbJEBCzt7f.2pRwsNFFvBt7oyKt0.	USER	ACTIVE	light
79	2026-04-16 08:42:44.700551	2026-04-16 08:42:44.700551	seed-user-74@localhost.local	시드유저74	$2a$10$0GrTJkE.KakgHWrivXE9gejDFbJEBCzt7f.2pRwsNFFvBt7oyKt0.	USER	ACTIVE	light
80	2026-04-16 08:42:44.701581	2026-04-16 08:42:44.701581	seed-user-75@localhost.local	시드유저75	$2a$10$0GrTJkE.KakgHWrivXE9gejDFbJEBCzt7f.2pRwsNFFvBt7oyKt0.	USER	ACTIVE	light
81	2026-04-16 08:42:44.702611	2026-04-16 08:42:44.702611	seed-user-76@localhost.local	시드유저76	$2a$10$0GrTJkE.KakgHWrivXE9gejDFbJEBCzt7f.2pRwsNFFvBt7oyKt0.	USER	ACTIVE	light
82	2026-04-16 08:42:44.704158	2026-04-16 08:42:44.704158	seed-user-77@localhost.local	시드유저77	$2a$10$0GrTJkE.KakgHWrivXE9gejDFbJEBCzt7f.2pRwsNFFvBt7oyKt0.	USER	ACTIVE	light
83	2026-04-16 08:42:44.704674	2026-04-16 08:42:44.704674	seed-user-78@localhost.local	시드유저78	$2a$10$0GrTJkE.KakgHWrivXE9gejDFbJEBCzt7f.2pRwsNFFvBt7oyKt0.	USER	ACTIVE	light
84	2026-04-16 08:42:44.706215	2026-04-16 08:42:44.706215	seed-user-79@localhost.local	시드유저79	$2a$10$0GrTJkE.KakgHWrivXE9gejDFbJEBCzt7f.2pRwsNFFvBt7oyKt0.	USER	ACTIVE	light
85	2026-04-16 08:42:44.707249	2026-04-16 08:42:44.707249	seed-user-80@localhost.local	시드유저80	$2a$10$0GrTJkE.KakgHWrivXE9gejDFbJEBCzt7f.2pRwsNFFvBt7oyKt0.	USER	ACTIVE	light
86	2026-04-16 08:42:44.707763	2026-04-16 08:42:44.707763	seed-user-81@localhost.local	시드유저81	$2a$10$0GrTJkE.KakgHWrivXE9gejDFbJEBCzt7f.2pRwsNFFvBt7oyKt0.	USER	ACTIVE	light
87	2026-04-16 08:42:44.709403	2026-04-16 08:42:44.709403	seed-user-82@localhost.local	시드유저82	$2a$10$0GrTJkE.KakgHWrivXE9gejDFbJEBCzt7f.2pRwsNFFvBt7oyKt0.	USER	ACTIVE	light
88	2026-04-16 08:42:44.711605	2026-04-16 08:42:44.711605	seed-user-83@localhost.local	시드유저83	$2a$10$0GrTJkE.KakgHWrivXE9gejDFbJEBCzt7f.2pRwsNFFvBt7oyKt0.	USER	ACTIVE	light
89	2026-04-16 08:42:44.714303	2026-04-16 08:42:44.714303	seed-user-84@localhost.local	시드유저84	$2a$10$0GrTJkE.KakgHWrivXE9gejDFbJEBCzt7f.2pRwsNFFvBt7oyKt0.	USER	ACTIVE	light
90	2026-04-16 08:42:44.715894	2026-04-16 08:42:44.715894	seed-user-85@localhost.local	시드유저85	$2a$10$0GrTJkE.KakgHWrivXE9gejDFbJEBCzt7f.2pRwsNFFvBt7oyKt0.	USER	ACTIVE	light
91	2026-04-16 08:42:44.717497	2026-04-16 08:42:44.717497	seed-user-86@localhost.local	시드유저86	$2a$10$0GrTJkE.KakgHWrivXE9gejDFbJEBCzt7f.2pRwsNFFvBt7oyKt0.	USER	ACTIVE	light
92	2026-04-16 08:42:44.719707	2026-04-16 08:42:44.719707	seed-user-87@localhost.local	시드유저87	$2a$10$0GrTJkE.KakgHWrivXE9gejDFbJEBCzt7f.2pRwsNFFvBt7oyKt0.	USER	ACTIVE	light
93	2026-04-16 08:42:44.721247	2026-04-16 08:42:44.721247	seed-user-88@localhost.local	시드유저88	$2a$10$0GrTJkE.KakgHWrivXE9gejDFbJEBCzt7f.2pRwsNFFvBt7oyKt0.	USER	ACTIVE	light
94	2026-04-16 08:42:44.723333	2026-04-16 08:42:44.723333	seed-user-89@localhost.local	시드유저89	$2a$10$0GrTJkE.KakgHWrivXE9gejDFbJEBCzt7f.2pRwsNFFvBt7oyKt0.	USER	ACTIVE	light
95	2026-04-16 08:42:44.725436	2026-04-16 08:42:44.725436	seed-user-90@localhost.local	시드유저90	$2a$10$0GrTJkE.KakgHWrivXE9gejDFbJEBCzt7f.2pRwsNFFvBt7oyKt0.	USER	ACTIVE	light
96	2026-04-16 08:42:44.727571	2026-04-16 08:42:44.727571	seed-user-91@localhost.local	시드유저91	$2a$10$0GrTJkE.KakgHWrivXE9gejDFbJEBCzt7f.2pRwsNFFvBt7oyKt0.	USER	ACTIVE	light
97	2026-04-16 08:42:44.729145	2026-04-16 08:42:44.729145	seed-user-92@localhost.local	시드유저92	$2a$10$0GrTJkE.KakgHWrivXE9gejDFbJEBCzt7f.2pRwsNFFvBt7oyKt0.	USER	ACTIVE	light
98	2026-04-16 08:42:44.73018	2026-04-16 08:42:44.73018	seed-user-93@localhost.local	시드유저93	$2a$10$0GrTJkE.KakgHWrivXE9gejDFbJEBCzt7f.2pRwsNFFvBt7oyKt0.	USER	ACTIVE	light
99	2026-04-16 08:42:44.731214	2026-04-16 08:42:44.731214	seed-user-94@localhost.local	시드유저94	$2a$10$0GrTJkE.KakgHWrivXE9gejDFbJEBCzt7f.2pRwsNFFvBt7oyKt0.	USER	ACTIVE	light
100	2026-04-16 08:42:44.733285	2026-04-16 08:42:44.733285	seed-user-95@localhost.local	시드유저95	$2a$10$0GrTJkE.KakgHWrivXE9gejDFbJEBCzt7f.2pRwsNFFvBt7oyKt0.	USER	ACTIVE	light
101	2026-04-16 08:42:44.735678	2026-04-16 08:42:44.735678	seed-user-96@localhost.local	시드유저96	$2a$10$0GrTJkE.KakgHWrivXE9gejDFbJEBCzt7f.2pRwsNFFvBt7oyKt0.	USER	ACTIVE	light
102	2026-04-16 08:42:44.736696	2026-04-16 08:42:44.736696	seed-user-97@localhost.local	시드유저97	$2a$10$0GrTJkE.KakgHWrivXE9gejDFbJEBCzt7f.2pRwsNFFvBt7oyKt0.	USER	ACTIVE	light
103	2026-04-16 08:42:44.738237	2026-04-16 08:42:44.738237	seed-user-98@localhost.local	시드유저98	$2a$10$0GrTJkE.KakgHWrivXE9gejDFbJEBCzt7f.2pRwsNFFvBt7oyKt0.	USER	ACTIVE	light
104	2026-04-16 08:42:44.739261	2026-04-16 08:42:44.739261	seed-user-99@localhost.local	시드유저99	$2a$10$0GrTJkE.KakgHWrivXE9gejDFbJEBCzt7f.2pRwsNFFvBt7oyKt0.	USER	ACTIVE	light
\.


--
-- Name: chat_messages_id_seq; Type: SEQUENCE SET; Schema: public; Owner: postgres
--

SELECT pg_catalog.setval('public.chat_messages_id_seq', 1487, true);


--
-- Name: chat_rooms_id_seq; Type: SEQUENCE SET; Schema: public; Owner: postgres
--

SELECT pg_catalog.setval('public.chat_rooms_id_seq', 1982, true);


--
-- Name: manuals_id_seq; Type: SEQUENCE SET; Schema: public; Owner: postgres
--

SELECT pg_catalog.setval('public.manuals_id_seq', 14, true);


--
-- Name: models_id_seq; Type: SEQUENCE SET; Schema: public; Owner: postgres
--

SELECT pg_catalog.setval('public.models_id_seq', 22, true);


--
-- Name: user_devices_id_seq; Type: SEQUENCE SET; Schema: public; Owner: postgres
--

SELECT pg_catalog.setval('public.user_devices_id_seq', 329, true);


--
-- Name: users_id_seq; Type: SEQUENCE SET; Schema: public; Owner: postgres
--

SELECT pg_catalog.setval('public.users_id_seq', 104, true);


--
-- Name: chat_messages chat_messages_pkey; Type: CONSTRAINT; Schema: public; Owner: postgres
--

ALTER TABLE ONLY public.chat_messages
    ADD CONSTRAINT chat_messages_pkey PRIMARY KEY (id);


--
-- Name: chat_rooms chat_rooms_pkey; Type: CONSTRAINT; Schema: public; Owner: postgres
--

ALTER TABLE ONLY public.chat_rooms
    ADD CONSTRAINT chat_rooms_pkey PRIMARY KEY (id);


--
-- Name: manuals manuals_pkey; Type: CONSTRAINT; Schema: public; Owner: postgres
--

ALTER TABLE ONLY public.manuals
    ADD CONSTRAINT manuals_pkey PRIMARY KEY (id);


--
-- Name: models models_pkey; Type: CONSTRAINT; Schema: public; Owner: postgres
--

ALTER TABLE ONLY public.models
    ADD CONSTRAINT models_pkey PRIMARY KEY (id);


--
-- Name: users uk6dotkott2kjsp8vw4d0m25fb7; Type: CONSTRAINT; Schema: public; Owner: postgres
--

ALTER TABLE ONLY public.users
    ADD CONSTRAINT uk6dotkott2kjsp8vw4d0m25fb7 UNIQUE (email);


--
-- Name: manuals ukrkywvr24dvog8vffbur4rvs71; Type: CONSTRAINT; Schema: public; Owner: postgres
--

ALTER TABLE ONLY public.manuals
    ADD CONSTRAINT ukrkywvr24dvog8vffbur4rvs71 UNIQUE (manual_code);


--
-- Name: user_devices user_devices_pkey; Type: CONSTRAINT; Schema: public; Owner: postgres
--

ALTER TABLE ONLY public.user_devices
    ADD CONSTRAINT user_devices_pkey PRIMARY KEY (id);


--
-- Name: users users_pkey; Type: CONSTRAINT; Schema: public; Owner: postgres
--

ALTER TABLE ONLY public.users
    ADD CONSTRAINT users_pkey PRIMARY KEY (id);


--
-- Name: user_devices fk6yi870pyylwurf9x1bjexd6yq; Type: FK CONSTRAINT; Schema: public; Owner: postgres
--

ALTER TABLE ONLY public.user_devices
    ADD CONSTRAINT fk6yi870pyylwurf9x1bjexd6yq FOREIGN KEY (manual_id) REFERENCES public.manuals(id);


--
-- Name: chat_messages fk_chat_messages_chat_room; Type: FK CONSTRAINT; Schema: public; Owner: postgres
--

ALTER TABLE ONLY public.chat_messages
    ADD CONSTRAINT fk_chat_messages_chat_room FOREIGN KEY (chat_room_id) REFERENCES public.chat_rooms(id) ON DELETE CASCADE;


--
-- Name: models fkelx1gpiqp386venc15jq68med; Type: FK CONSTRAINT; Schema: public; Owner: postgres
--

ALTER TABLE ONLY public.models
    ADD CONSTRAINT fkelx1gpiqp386venc15jq68med FOREIGN KEY (manual_id) REFERENCES public.manuals(id);


--
-- Name: user_devices fkik0n080vvur1fvdxtygwkt3m4; Type: FK CONSTRAINT; Schema: public; Owner: postgres
--

ALTER TABLE ONLY public.user_devices
    ADD CONSTRAINT fkik0n080vvur1fvdxtygwkt3m4 FOREIGN KEY (user_id) REFERENCES public.users(id);


--
-- Name: chat_rooms fkmucw4dnmg46g6bcqq5rc2yf3f; Type: FK CONSTRAINT; Schema: public; Owner: postgres
--

ALTER TABLE ONLY public.chat_rooms
    ADD CONSTRAINT fkmucw4dnmg46g6bcqq5rc2yf3f FOREIGN KEY (user_device_id) REFERENCES public.user_devices(id);


--
-- PostgreSQL database dump complete
--

\unrestrict VXmDX8hdjgft2mjqmkKsNmKb96Oc32pKj3YXyAsNopIc8LKO9vfp3aFjdNef4bv

